CIX,DataID,Version,DeviceId,Description,Latitude,Longitude,Time,SequenceNumber,Data,Status
4154,8E2C5F22-E50D-4B14-B8DB-F8211FF815EF,1,SS1-0001,Simulated Sensor 1,47.66,-122.28,2016-11-07 11:54:59.082886,557,0.84,NULL
4155,C9E23899-E3A8-48AD-8B90-D5BEAFC2A4C7,1,SS1-0003,Simulated Sensor 3,47.60,-122.32,2016-11-07 11:55:02.087837,557,3.38,NULL
4156,3AD5F958-CF38-4F20-A1C5-4CD10BDD841D,1,SS1-0005,Simulated Sensor 5,47.66,-122.30,2016-11-07 11:55:02.181590,557,3.82,NULL
4157,62D7AB94-CDC6-4076-ABF2-FBED4988CE31,1,SS1-0007,Simulated Sensor 7,47.62,-122.18,2016-11-07 11:55:02.259719,557,2.81,NULL
4158,3E0222D6-216C-4482-91BB-978612AF15B1,1,SS1-0009,Simulated Sensor 9,47.71,-122.17,2016-11-07 11:55:02.337847,557,1.81,NULL
4159,01487EB7-80C8-451C-B0E6-CC2DA051688A,1,SS1-0002,Simulated Sensor 2,47.65,-122.30,2016-11-07 11:55:01.994123,557,2.95,NULL
4160,0198C065-F668-4467-9347-CC34EC269FD4,1,SS1-0004,Simulated Sensor 4,47.71,-122.33,2016-11-07 11:55:02.134714,557,1.60,NULL
4161,DBA4313D-5067-406B-A70D-C055796701F7,1,SS1-0006,Simulated Sensor 6,47.60,-122.30,2016-11-07 11:55:02.228468,557,2.03,NULL
4162,07E02C57-8BC2-4060-9AA7-EF69917FAF5A,1,SS1-0008,Simulated Sensor 8,47.61,-122.18,2016-11-07 11:55:02.306596,557,1.03,NULL
4163,B6188098-BBC1-4A6D-A0D5-88FD0557736F,1,SS1-0002,Simulated Sensor 2,47.65,-122.30,2016-11-07 11:55:07.603687,558,2.18,NULL
4164,0E760289-5452-498C-9EB3-89A8D5738215,1,SS1-0004,Simulated Sensor 4,47.71,-122.33,2016-11-07 11:55:07.759943,558,0.17,NULL
4165,34E6AC15-27B3-47AF-A01C-61DE27AB4981,1,SS1-0006,Simulated Sensor 6,47.60,-122.30,2016-11-07 11:55:07.884949,558,1.38,NULL
4166,C248F451-135E-42AB-AA9F-8560ED55AA74,1,SS1-0008,Simulated Sensor 8,47.61,-122.18,2016-11-07 11:55:07.979894,558,1.81,NULL
4167,62A684DD-50A2-4AE7-AC8D-A4A6391BC1F0,1,SS1-0001,Simulated Sensor 1,47.66,-122.28,2016-11-07 11:55:07.431818,558,2.75,NULL
4168,16AD29DF-2B1D-4EAC-B976-616EA4930A52,1,SS1-0003,Simulated Sensor 3,47.60,-122.32,2016-11-07 11:55:07.697445,558,0.52,NULL
4169,CA034944-1F2A-4605-928C-3D8C20C7CF82,1,SS1-0005,Simulated Sensor 5,47.66,-122.30,2016-11-07 11:55:07.807088,558,2.39,NULL
4170,5E62E704-5A02-4C1A-93F4-6ED1E012D443,1,SS1-0007,Simulated Sensor 7,47.62,-122.18,2016-11-07 11:55:07.916772,558,2.16,NULL
4171,949DDEE1-3C70-46C6-AF94-20F26F84A8A9,1,SS1-0009,Simulated Sensor 9,47.71,-122.17,2016-11-07 11:55:08.025861,558,1.94,NULL
4172,7B72547C-7701-4BDF-B1BF-D4E70E2E7920,1,SS1-0001,Simulated Sensor 1,47.66,-122.28,2016-11-07 11:55:13.166414,559,1.09,NULL
4173,D687E0A2-A647-4E28-80F2-245EC483C712,1,SS1-0003,Simulated Sensor 3,47.60,-122.32,2016-11-07 11:55:13.245359,559,0.09,NULL
4174,B306A115-72AA-4DD9-8925-DD5BD521D74E,1,SS1-0005,Simulated Sensor 5,47.66,-122.30,2016-11-07 11:55:13.385221,559,2.74,NULL
4175,F57417BF-7B65-4009-9C92-5949BA28AAE3,1,SS1-0007,Simulated Sensor 7,47.62,-122.18,2016-11-07 11:55:13.478928,559,3.17,NULL
4176,BC7F0059-127B-4B09-9F08-7D64EF557E91,1,SS1-0009,Simulated Sensor 9,47.71,-122.17,2016-11-07 11:55:13.558209,559,2.17,NULL
4177,4748CA24-B156-4ED1-89BE-37A7DF66018C,1,SS1-0002,Simulated Sensor 2,47.65,-122.30,2016-11-07 11:55:13.198055,559,1.88,NULL
4178,3943E903-11F1-4251-AA36-6F11FC25D51E,1,SS1-0004,Simulated Sensor 4,47.71,-122.33,2016-11-07 11:55:13.338357,559,0.52,NULL
4179,B2AFE395-99F3-4A37-AAD5-528A470D913A,1,SS1-0006,Simulated Sensor 6,47.60,-122.30,2016-11-07 11:55:13.432066,559,0.95,NULL
4180,312ED4C2-6EB5-474F-8E0C-98D604B68CBF,1,SS1-0008,Simulated Sensor 8,47.61,-122.18,2016-11-07 11:55:13.510594,559,3.95,NULL
4181,530A5F3C-DAAF-45F7-8D5F-4DE387DA7389,1,SS1-0002,Simulated Sensor 2,47.65,-122.30,2016-11-07 11:55:18.698079,560,3.23,NULL
4182,2F693DA4-2089-47B8-84A6-96213BC5F64F,1,SS1-0004,Simulated Sensor 4,47.71,-122.33,2016-11-07 11:55:18.791644,560,3.66,NULL
4183,3AA8CF07-6871-48C2-A505-657A9F53C6AB,1,SS1-0006,Simulated Sensor 6,47.60,-122.30,2016-11-07 11:55:18.885791,560,0.10,NULL
4184,807A24FF-3B98-4E42-835E-3821922D0E40,1,SS1-0008,Simulated Sensor 8,47.61,-122.18,2016-11-07 11:55:18.964677,560,3.09,NULL
4185,CDA1CD61-E055-46D9-B2E8-0431E7550D79,1,SS1-0001,Simulated Sensor 1,47.66,-122.28,2016-11-07 11:55:18.652095,560,1.02,NULL
4186,20EF60DD-F874-463B-9850-533E7652FA83,1,SS1-0003,Simulated Sensor 3,47.60,-122.32,2016-11-07 11:55:18.745875,560,1.45,NULL
4187,F0BA5AF6-B1BB-41DA-9FCF-63B8F8B5C6D4,1,SS1-0005,Simulated Sensor 5,47.66,-122.30,2016-11-07 11:55:18.838526,560,1.88,NULL
4188,3EDF74AF-C7B8-4A1F-8E63-3219D7B207C5,1,SS1-0007,Simulated Sensor 7,47.62,-122.18,2016-11-07 11:55:18.932537,560,2.31,NULL
4189,13D19D5B-5077-437C-A65C-964B02D0E7D0,1,SS1-0009,Simulated Sensor 9,47.71,-122.17,2016-11-07 11:55:19.010449,560,1.31,NULL
4190,FD13E0DD-C34A-42B4-BD22-6AA24CAF4399,1,SS1-0001,Simulated Sensor 1,47.66,-122.28,2016-11-07 11:55:24.089843,561,0.81,NULL
4191,2CB78FAC-9FC8-4D9E-B340-7CB82DC82D1C,1,SS1-0003,Simulated Sensor 3,47.60,-122.32,2016-11-07 11:55:24.166870,561,3.81,NULL
4192,58FAF835-35E3-4141-93FB-0F4271F0FE29,1,SS1-0005,Simulated Sensor 5,47.66,-122.30,2016-11-07 11:55:24.246172,561,2.80,NULL
4193,A353F770-916B-428D-B6F5-C8D72EFA00A3,1,SS1-0007,Simulated Sensor 7,47.62,-122.18,2016-11-07 11:55:24.323198,561,1.80,NULL
4194,F8A3639A-F88F-4058-9953-BB02B2784974,1,SS1-0009,Simulated Sensor 9,47.71,-122.17,2016-11-07 11:55:24.416875,561,2.23,NULL
4195,2D668FF0-8E89-46FA-90C8-6B8CBDFA7001,1,SS1-0002,Simulated Sensor 2,47.65,-122.30,2016-11-07 11:55:24.121218,561,1.59,NULL
4196,8B5C48C7-53F2-4024-8508-524E4583234F,1,SS1-0004,Simulated Sensor 4,47.71,-122.33,2016-11-07 11:55:24.198119,561,0.59,NULL
4197,EDA8AAD5-B61B-446A-B9B0-0D754E12023F,1,SS1-0006,Simulated Sensor 6,47.60,-122.30,2016-11-07 11:55:24.292164,561,1.02,NULL
4198,CD333DFE-5D0D-4FEA-9164-1803F8571FCB,1,SS1-0008,Simulated Sensor 8,47.61,-122.18,2016-11-07 11:55:24.371188,561,0.02,NULL
4199,488F117E-4280-4AFD-9520-FE6CD4C4644B,1,SS1-0002,Simulated Sensor 2,47.65,-122.30,2016-11-07 11:55:29.542079,562,3.95,NULL
4200,6E643765-076A-48FA-9B23-CDD3A2D5B500,1,SS1-0004,Simulated Sensor 4,47.71,-122.33,2016-11-07 11:55:29.651463,562,3.73,NULL
4201,CC214692-3912-46D8-8577-B91ED0B75D60,1,SS1-0006,Simulated Sensor 6,47.60,-122.30,2016-11-07 11:55:29.745395,562,0.16,NULL
4202,D2FD817D-DF21-4BEA-9574-45FDFF5030E1,1,SS1-0008,Simulated Sensor 8,47.61,-122.18,2016-11-07 11:55:29.839930,562,0.59,NULL
4203,454235EA-67E2-4837-B075-9E77B0124C3A,1,SS1-0001,Simulated Sensor 1,47.66,-122.28,2016-11-07 11:55:29.495207,562,1.74,NULL
4204,F4B8FE51-35C6-4969-987F-AA5B85821F51,1,SS1-0003,Simulated Sensor 3,47.60,-122.32,2016-11-07 11:55:29.604858,562,3.60,NULL
4205,7795C732-7DBB-46FF-BF5B-C24CE93F141A,1,SS1-0005,Simulated Sensor 5,47.66,-122.30,2016-11-07 11:55:29.698808,562,1.95,NULL
4206,C64EA961-E9EC-4A3C-97F7-0C03BDB35F4B,1,SS1-0007,Simulated Sensor 7,47.62,-122.18,2016-11-07 11:55:29.792412,562,2.38,NULL
4207,F8AA2962-9FDA-429D-BB46-8BDF4DB6952C,1,SS1-0009,Simulated Sensor 9,47.71,-122.17,2016-11-07 11:55:29.886069,562,2.81,NULL
4208,21911EB0-FFBA-496C-8D9C-2B6562A750FD,1,SS1-0001,Simulated Sensor 1,47.66,-122.28,2016-11-07 11:55:34.964188,563,2.31,NULL
4209,8075D167-9414-4C0A-9FB6-357221E8A5A8,1,SS1-0003,Simulated Sensor 3,47.60,-122.32,2016-11-07 11:55:35.073559,563,2.09,NULL
4210,E9AC3853-7DBF-4F31-BA8F-A20DD48363DC,1,SS1-0005,Simulated Sensor 5,47.66,-122.30,2016-11-07 11:55:35.183223,563,3.96,NULL
4211,2E15309F-2241-4340-AF53-50450D75C662,1,SS1-0007,Simulated Sensor 7,47.62,-122.18,2016-11-07 11:55:35.276891,563,2.30,NULL
4212,78D6C2CE-F646-4861-93A0-519063CF55B7,1,SS1-0009,Simulated Sensor 9,47.71,-122.17,2016-11-07 11:55:35.386509,563,0.17,NULL
4213,0F9FB894-C0FF-4555-A1E9-642EC3988419,1,SS1-0002,Simulated Sensor 2,47.65,-122.30,2016-11-07 11:55:35.026684,563,3.87,NULL
4214,3EBAF74A-840B-4534-BA73-88A6B9AC6769,1,SS1-0004,Simulated Sensor 4,47.71,-122.33,2016-11-07 11:55:35.120442,563,0.31,NULL
4215,814889C6-FFB4-4468-9E66-2855455C50CB,1,SS1-0006,Simulated Sensor 6,47.60,-122.30,2016-11-07 11:55:35.230189,563,2.17,NULL
4216,B9F8E989-9156-457A-9D57-24D1413573D8,1,SS1-0008,Simulated Sensor 8,47.61,-122.18,2016-11-07 11:55:35.323579,563,0.52,NULL
4217,08AB93C6-1334-463C-95A1-615693DBE2FE,1,SS1-0002,Simulated Sensor 2,47.65,-122.30,2016-11-07 11:55:40.526908,564,1.23,NULL
4218,40EFF966-9F5D-47AB-B84A-99A899FED7B6,1,SS1-0004,Simulated Sensor 4,47.71,-122.33,2016-11-07 11:55:40.651917,564,2.44,NULL
4219,28117F48-7220-4419-85AC-DEFEC553F4F2,1,SS1-0006,Simulated Sensor 6,47.60,-122.30,2016-11-07 11:55:40.761337,564,0.31,NULL
4220,11F2124E-244F-4BEF-BCE3-3D66C11CDBA8,1,SS1-0008,Simulated Sensor 8,47.61,-122.18,2016-11-07 11:55:40.995676,564,1.30,NULL
4221,6C4849F6-FF7A-4E0D-AE4D-B4113052F35A,1,SS1-0001,Simulated Sensor 1,47.66,-122.28,2016-11-07 11:55:40.464406,564,3.67,NULL
4222,A17E563B-3501-4318-9F40-516CB6243EA2,1,SS1-0003,Simulated Sensor 3,47.60,-122.32,2016-11-07 11:55:40.573993,564,3.45,NULL
4223,058837D7-B3F6-4A9A-B9BA-0A5287931693,1,SS1-0005,Simulated Sensor 5,47.66,-122.30,2016-11-07 11:55:40.714965,564,2.09,NULL
4224,E058BD04-0DD8-4559-83F1-C2F65AC49FEE,1,SS1-0007,Simulated Sensor 7,47.62,-122.18,2016-11-07 11:55:40.887424,564,1.52,NULL
4225,02F1E200-4219-4DD7-A1A0-6C647DA3FF44,1,SS1-0009,Simulated Sensor 9,47.71,-122.17,2016-11-07 11:55:41.058189,564,0.95,NULL
4226,39882C06-BFC7-450D-A7D3-1ADF5E1C43C1,1,SS1-0001,Simulated Sensor 1,47.66,-122.28,2016-11-07 11:55:46.153280,565,3.80,NULL
4227,6286C179-8D75-42A9-A3ED-65B576789949,1,SS1-0003,Simulated Sensor 3,47.60,-122.32,2016-11-07 11:55:46.246273,565,0.23,NULL
4228,DB5EF785-6F56-46D7-9FE6-4EC3EE3F03EE,1,SS1-0005,Simulated Sensor 5,47.66,-122.30,2016-11-07 11:55:46.339645,565,0.66,NULL
4229,20E5A98C-92AE-4B76-A527-1015B8002FE5,1,SS1-0007,Simulated Sensor 7,47.62,-122.18,2016-11-07 11:55:46.480503,565,3.31,NULL
4230,B95941B7-75B4-4B23-B311-65750AFAD30B,1,SS1-0009,Simulated Sensor 9,47.71,-122.17,2016-11-07 11:55:46.559744,565,2.31,NULL
4231,D35CAC26-643B-468D-AFFA-036A2291C993,1,SS1-0002,Simulated Sensor 2,47.65,-122.30,2016-11-07 11:55:46.199144,565,2.02,NULL
4232,8C45998A-8F2E-4EA5-9D46-5C32C44D9805,1,SS1-0004,Simulated Sensor 4,47.71,-122.33,2016-11-07 11:55:46.278335,565,1.01,NULL
4233,7727C19F-ABC0-4654-9EE9-0134DE605554,1,SS1-0006,Simulated Sensor 6,47.60,-122.30,2016-11-07 11:55:46.434581,565,1.10,NULL
4234,B91F9DEF-D072-44C2-9463-0C78139D91F3,1,SS1-0008,Simulated Sensor 8,47.61,-122.18,2016-11-07 11:55:46.527153,565,3.44,NULL
4235,792E7C4F-4346-4086-8D45-2198EBA3FAD2,1,SS1-0002,Simulated Sensor 2,47.65,-122.30,2016-11-07 11:55:51.653553,566,1.16,NULL
4236,ACB264F5-95B9-45AD-98A9-90BC4409F804,1,SS1-0004,Simulated Sensor 4,47.71,-122.33,2016-11-07 11:55:51.762131,566,3.02,NULL
4237,F976FBC2-1942-4F56-9661-2F5574ADF9FF,1,SS1-0006,Simulated Sensor 6,47.60,-122.30,2016-11-07 11:55:51.841135,566,2.02,NULL
4238,91E31D8A-25CD-4DA5-8F44-B2ECC779E6BB,1,SS1-0008,Simulated Sensor 8,47.61,-122.18,2016-11-07 11:55:51.933623,566,2.45,NULL
4239,337256F7-5602-48F9-83BF-AF39BD73562D,1,SS1-0001,Simulated Sensor 1,47.66,-122.28,2016-11-07 11:55:51.621830,566,0.38,NULL
4240,72292831-4426-4A2F-A194-B91E8405BD1B,1,SS1-0003,Simulated Sensor 3,47.60,-122.32,2016-11-07 11:55:51.714864,566,0.81,NULL
4241,41C455AC-A64A-49DA-A3E9-B8060387EB6C,1,SS1-0005,Simulated Sensor 5,47.66,-122.30,2016-11-07 11:55:51.793286,566,3.81,NULL
4242,0D665E2E-14DA-40AD-A6A4-B009AC1C8363,1,SS1-0007,Simulated Sensor 7,47.62,-122.18,2016-11-07 11:55:51.886749,566,0.24,NULL
4243,AD967792-3736-4CEF-A178-61677004B6A1,1,SS1-0009,Simulated Sensor 9,47.71,-122.17,2016-11-07 11:55:51.980936,566,0.67,NULL
4244,49E29BD9-0AE4-4507-B62B-75C28205075B,1,SS1-0001,Simulated Sensor 1,47.66,-122.28,2016-11-07 11:55:57.060012,567,0.17,NULL
4245,8D980CA2-16CF-4AA0-805B-67694BD8BA4D,1,SS1-0003,Simulated Sensor 3,47.60,-122.32,2016-11-07 11:55:57.231044,567,3.60,NULL
4246,6235D65B-9984-478F-959B-C3DB84515D1D,1,SS1-0005,Simulated Sensor 5,47.66,-122.30,2016-11-07 11:55:57.324578,567,1.94,NULL
4247,4B7FAE32-65DD-46F9-B9F0-1F8F2ACAA7E3,1,SS1-0007,Simulated Sensor 7,47.62,-122.18,2016-11-07 11:55:57.403738,567,0.94,NULL
4248,6E8E0F08-D777-4550-ADA3-B1B077D0F1FE,1,SS1-0009,Simulated Sensor 9,47.71,-122.17,2016-11-07 11:55:57.496351,567,1.37,NULL
4249,8C6E1069-672D-4500-8D16-3719FB8570C2,1,SS1-0002,Simulated Sensor 2,47.65,-122.30,2016-11-07 11:55:57.153676,567,2.51,NULL
4250,D8714BDC-BB40-4C93-A17E-F49B9C26616E,1,SS1-0004,Simulated Sensor 4,47.71,-122.33,2016-11-07 11:55:57.277592,567,3.73,NULL
4251,89F8352D-9003-4D94-B96B-CBCC5C5FBD2F,1,SS1-0006,Simulated Sensor 6,47.60,-122.30,2016-11-07 11:55:57.371377,567,0.16,NULL
4252,C1C47D78-7313-4234-AA9F-43E9FFFBA9D9,1,SS1-0008,Simulated Sensor 8,47.61,-122.18,2016-11-07 11:55:57.449523,567,3.16,NULL
4253,1AA67036-3064-4655-90A9-40C8B3E4D984,1,SS1-0002,Simulated Sensor 2,47.65,-122.30,2016-11-07 11:56:02.668438,568,1.31,NULL
4254,38AB00B5-F6B4-48A6-AB60-93A2C04EF007,1,SS1-0004,Simulated Sensor 4,47.71,-122.33,2016-11-07 11:56:02.762268,568,1.74,NULL
4255,5C79EA93-A8F5-481D-82DB-5F1993D33608,1,SS1-0006,Simulated Sensor 6,47.60,-122.30,2016-11-07 11:56:02.841501,568,0.74,NULL
4256,7E17D9C5-DFFB-4938-8C92-CF4D92F7F58B,1,SS1-0008,Simulated Sensor 8,47.61,-122.18,2016-11-07 11:56:02.918624,568,3.73,NULL
4257,D51CB029-12FF-4E51-A1FA-1ABC2390B3E4,1,SS1-0001,Simulated Sensor 1,47.66,-122.28,2016-11-07 11:56:02.591449,568,2.31,NULL
4258,3FAFE069-C323-4648-9CEC-24BC2ADF2D40,1,SS1-0003,Simulated Sensor 3,47.60,-122.32,2016-11-07 11:56:02.716496,568,3.52,NULL
4259,80F13CEB-5545-4F0A-8315-E94D1F7D3AB0,1,SS1-0005,Simulated Sensor 5,47.66,-122.30,2016-11-07 11:56:02.793740,568,2.52,NULL
4260,789AEB5D-A880-463E-A4ED-2DFB124C8DAE,1,SS1-0007,Simulated Sensor 7,47.62,-122.18,2016-11-07 11:56:02.872753,568,1.52,NULL
4261,965BDE7F-207D-46AE-B581-804C3257EC69,1,SS1-0009,Simulated Sensor 9,47.71,-122.17,2016-11-07 11:56:02.965919,568,1.95,NULL
4262,A928ED96-DF37-48C5-B908-CF9E897C8615,1,SS1-0001,Simulated Sensor 1,47.66,-122.28,2016-11-07 11:56:08.824938,569,1.51,NULL
4263,904B7FB6-1022-4737-AB2C-E7530162EB48,1,SS1-0003,Simulated Sensor 3,47.60,-122.32,2016-11-07 11:56:08.918698,569,1.94,NULL
4264,E2FA22C0-336A-4794-865F-4FE257A0B027,1,SS1-0005,Simulated Sensor 5,47.66,-122.30,2016-11-07 11:56:09.090574,569,1.37,NULL
4265,6FDD2E03-C343-4506-9C84-3D42D4455434,1,SS1-0007,Simulated Sensor 7,47.62,-122.18,2016-11-07 11:56:09.168703,569,0.36,NULL
4266,C727AF38-1D8B-4260-BEAD-2111D7F4CF01,1,SS1-0009,Simulated Sensor 9,47.71,-122.17,2016-11-07 11:56:09.246831,569,3.36,NULL
4267,BC04ABAA-6939-4EC2-9458-469C106157F1,1,SS1-0002,Simulated Sensor 2,47.65,-122.30,2016-11-07 11:56:08.887443,569,1.16,NULL
4268,331CD3C4-8F99-4B54-B9B7-F46628745437,1,SS1-0004,Simulated Sensor 4,47.71,-122.33,2016-11-07 11:56:09.059323,569,0.59,NULL
4269,187C264F-58DA-47F1-8669-B9DAB169E73F,1,SS1-0006,Simulated Sensor 6,47.60,-122.30,2016-11-07 11:56:09.137450,569,3.58,NULL
4270,187DB648-A3F8-4EA3-A61F-5811CB33481C,1,SS1-0008,Simulated Sensor 8,47.61,-122.18,2016-11-07 11:56:09.215579,569,2.58,NULL
4271,67490688-B6DE-4EAE-A7E1-4E485B74787E,1,SS1-0002,Simulated Sensor 2,47.65,-122.30,2016-11-07 11:56:14.387682,570,2.52,NULL
4272,AEF24B14-E465-483E-A81E-12AD30458308,1,SS1-0004,Simulated Sensor 4,47.71,-122.33,2016-11-07 11:56:14.465978,570,1.51,NULL
4273,437A09C2-7FC9-4E70-98EB-3535348B44E6,1,SS1-0006,Simulated Sensor 6,47.60,-122.30,2016-11-07 11:56:14.575410,570,1.29,NULL
4274,76982BA9-7973-40A4-8C26-15CF9CCA34F2,1,SS1-0008,Simulated Sensor 8,47.61,-122.18,2016-11-07 11:56:14.685641,570,3.16,NULL
4275,CA18BFC4-C670-4D77-AE17-DC01BF07004A,1,SS1-0001,Simulated Sensor 1,47.66,-122.28,2016-11-07 11:56:14.341934,570,0.30,NULL
4276,1AD2F043-B3FF-4C32-BF87-D4D8553E06C3,1,SS1-0003,Simulated Sensor 3,47.60,-122.32,2016-11-07 11:56:14.418915,570,3.30,NULL
4277,2489AE90-D8F8-46D6-BEE9-0DA7AFD0046D,1,SS1-0005,Simulated Sensor 5,47.66,-122.30,2016-11-07 11:56:14.529339,570,3.07,NULL
4278,8CD4401E-07FB-4402-8E3D-D84E03FFD3FB,1,SS1-0007,Simulated Sensor 7,47.62,-122.18,2016-11-07 11:56:14.637675,570,0.94,NULL
4279,ADF6A59D-01A0-40B5-B547-398F9FC1035D,1,SS1-0009,Simulated Sensor 9,47.71,-122.17,2016-11-07 11:56:14.731674,570,1.37,NULL
4280,794E0A8F-C423-476B-8C3A-11108E324643,1,SS1-0001,Simulated Sensor 1,47.66,-122.28,2016-11-07 11:56:19.794330,571,3.44,NULL
4281,A18AF528-7DBE-4C59-A741-4D2B8D33A791,1,SS1-0002,Simulated Sensor 2,47.65,-122.30,2016-11-07 12:21:41.464746,571,3.68,NULL
4282,5C9370BD-A180-45B7-A612-85EF129B203A,1,SS1-0004,Simulated Sensor 4,47.71,-122.33,2016-11-07 12:21:41.599760,571,0.89,NULL
4283,1F946FFC-F397-4EFF-963D-B3B5B45B1749,1,SS1-0006,Simulated Sensor 6,47.60,-122.30,2016-11-07 12:21:41.730771,571,3.54,NULL
4284,80654649-FC32-45CB-856F-CC337FF5249A,1,SS1-0008,Simulated Sensor 8,47.61,-122.18,2016-11-07 12:21:41.827782,571,3.97,NULL
4285,068C3142-A562-4D84-B81B-305C09C3DD82,1,SS1-0001,Simulated Sensor 1,47.66,-122.28,2016-11-07 12:21:38.990511,571,0.86,NULL
4286,60DD0A50-C0A2-457C-A160-BEE8EA62CAEB,1,SS1-0003,Simulated Sensor 3,47.60,-122.32,2016-11-07 12:21:41.541755,571,0.77,NULL
4287,30C395B1-A03B-4F23-BCED-E4C2BBDE7534,1,SS1-0005,Simulated Sensor 5,47.66,-122.30,2016-11-07 12:21:41.655766,571,0.54,NULL
4288,A20996A8-1D0C-4B3F-B1D1-B353E9FC127D,1,SS1-0007,Simulated Sensor 7,47.62,-122.18,2016-11-07 12:21:41.779778,571,1.76,NULL
4289,965EAE01-870C-471C-B50E-DCF6D08F6448,1,SS1-0009,Simulated Sensor 9,47.71,-122.17,2016-11-07 12:21:41.931792,571,3.75,NULL
4290,7741AAF2-BE77-45D7-9525-597D4E1228B5,1,SS1-0001,Simulated Sensor 1,47.66,-122.28,2016-11-07 12:21:47.041287,572,2.12,NULL
4291,2EFA1E97-52E7-42BE-8405-101FDBEED059,1,SS1-0003,Simulated Sensor 3,47.60,-122.32,2016-11-07 12:21:47.145295,572,0.47,NULL
4292,1F67A17F-91DB-44CD-BFA6-068CF464F310,1,SS1-0005,Simulated Sensor 5,47.66,-122.30,2016-11-07 12:21:47.279305,572,3.11,NULL
4293,35E277F5-60C7-49B5-8E2C-55B13B504861,1,SS1-0007,Simulated Sensor 7,47.62,-122.18,2016-11-07 12:21:47.388316,572,2.89,NULL
4294,1324D863-A34B-46F8-AEEA-648B04531A54,1,SS1-0009,Simulated Sensor 9,47.71,-122.17,2016-11-07 12:21:47.510327,572,0.10,NULL
4295,B085E8B3-32E7-4573-8E6C-530196B020DD,1,SS1-0002,Simulated Sensor 2,47.65,-122.30,2016-11-07 12:21:47.093286,572,2.25,NULL
4296,3D467CE3-513F-4145-90B8-C4E2C645C7DE,1,SS1-0004,Simulated Sensor 4,47.71,-122.33,2016-11-07 12:21:47.213300,572,3.46,NULL
4297,5B486751-4232-4CEB-A917-3446A1E507CC,1,SS1-0006,Simulated Sensor 6,47.60,-122.30,2016-11-07 12:21:47.343310,572,0.68,NULL
4298,D6BAA8D7-8142-4B95-9A08-36054E075BC4,1,SS1-0008,Simulated Sensor 8,47.61,-122.18,2016-11-07 12:21:47.441321,572,1.11,NULL
4299,6A881541-BA37-49F0-A8CF-19DA7A0D7C9E,1,SS1-0002,Simulated Sensor 2,47.65,-122.30,2016-11-07 12:21:52.620006,573,2.48,NULL
4300,8FD70149-4274-4CE1-8ED7-5095F87DCF55,1,SS1-0004,Simulated Sensor 4,47.71,-122.33,2016-11-07 12:21:52.707832,573,1.47,NULL
4301,98C4DF0D-2079-40CD-BC6E-A10C15C549BF,1,SS1-0006,Simulated Sensor 6,47.60,-122.30,2016-11-07 12:21:52.802841,573,1.91,NULL
4302,3CEFD626-DF60-4C0F-8B6F-8F030FEF200D,1,SS1-0008,Simulated Sensor 8,47.61,-122.18,2016-11-07 12:21:52.888849,573,0.25,NULL
4303,FF96E9A1-B220-4FDC-BB57-93C0B152875D,1,SS1-0001,Simulated Sensor 1,47.66,-122.28,2016-11-07 12:21:52.572056,573,0.26,NULL
4304,E0E0EE68-77D9-46E0-AE88-735F497045C0,1,SS1-0003,Simulated Sensor 3,47.60,-122.32,2016-11-07 12:21:52.662084,573,3.26,NULL
4305,D1A227B3-9847-4849-85CA-C5F24FDCAA5F,1,SS1-0005,Simulated Sensor 5,47.66,-122.30,2016-11-07 12:21:52.758085,573,3.04,NULL
4306,E3A1E0B1-09A8-409B-908C-9E85A2FEBE4C,1,SS1-0007,Simulated Sensor 7,47.62,-122.18,2016-11-07 12:21:52.842842,573,2.03,NULL
4307,19540E48-B37A-4F1C-A484-9AED0FC8CCC9,1,SS1-0009,Simulated Sensor 9,47.71,-122.17,2016-11-07 12:21:52.934875,573,2.46,NULL
4308,E036F71D-9A33-4B96-B44F-8C16C6B54C20,1,SS1-0001,Simulated Sensor 1,47.66,-122.28,2016-11-07 12:21:58.000332,574,2.62,NULL
4309,0BAB3BAC-7E62-4DD3-A544-47FCC5F5F886,1,SS1-0003,Simulated Sensor 3,47.60,-122.32,2016-11-07 12:21:58.088367,574,0.96,NULL
4310,7C177D05-D55C-4340-A8B1-7B33C00C1769,1,SS1-0005,Simulated Sensor 5,47.66,-122.30,2016-11-07 12:21:58.186383,574,1.40,NULL
4311,FE25CA14-33B8-4926-8C66-9A9597FB41F3,1,SS1-0007,Simulated Sensor 7,47.62,-122.18,2016-11-07 12:21:58.308625,574,2.61,NULL
4312,669788FF-6D04-4D91-826A-BE990AE69507,1,SS1-0009,Simulated Sensor 9,47.71,-122.17,2016-11-07 12:21:58.399391,574,3.04,NULL
4313,DB2B6A2B-0D83-4C13-95E4-9425F10DC8AB,1,SS1-0002,Simulated Sensor 2,47.65,-122.30,2016-11-07 12:21:58.040406,574,0.84,NULL
4314,C3B4664D-FBD8-4C4E-A01F-840F778C3D5F,1,SS1-0004,Simulated Sensor 4,47.71,-122.33,2016-11-07 12:21:58.137349,574,3.18,NULL
4315,1D081E35-3976-4148-9115-8FFC16A58EF9,1,SS1-0006,Simulated Sensor 6,47.60,-122.30,2016-11-07 12:21:58.266364,574,0.39,NULL
4316,2ECC9D08-AEDE-4E03-A708-521541BDFD40,1,SS1-0008,Simulated Sensor 8,47.61,-122.18,2016-11-07 12:21:58.354571,574,0.82,NULL
4317,AEE20B79-BAF0-4363-9882-F10F65EABF3C,1,SS1-0002,Simulated Sensor 2,47.65,-122.30,2016-11-07 12:22:03.492895,575,3.98,NULL
4318,249F974C-6533-4991-80D2-F522E7B9ED67,1,SS1-0004,Simulated Sensor 4,47.71,-122.33,2016-11-07 12:22:03.571876,575,2.97,NULL
4319,1346DD49-11E6-4E8F-9A10-BD4F9AA268D3,1,SS1-0006,Simulated Sensor 6,47.60,-122.30,2016-11-07 12:22:03.682887,575,2.75,NULL
4320,72DF2334-1917-40D3-939D-13224E359869,1,SS1-0008,Simulated Sensor 8,47.61,-122.18,2016-11-07 12:22:03.763044,575,1.75,NULL
4321,AFBE4E4A-1969-42C7-AC3C-B193D471644C,1,SS1-0001,Simulated Sensor 1,47.66,-122.28,2016-11-07 12:22:03.449085,575,1.76,NULL
4322,3DFDCD9E-EF18-499E-B048-AF2EE098F08C,1,SS1-0003,Simulated Sensor 3,47.60,-122.32,2016-11-07 12:22:03.535873,575,0.76,NULL
4323,66424CA2-104E-4A37-8A92-EA4C7B6A4287,1,SS1-0005,Simulated Sensor 5,47.66,-122.30,2016-11-07 12:22:03.644894,575,0.54,NULL
4324,B8A2590A-591F-4857-85CB-63021F8AC59F,1,SS1-0007,Simulated Sensor 7,47.62,-122.18,2016-11-07 12:22:03.728085,575,0.97,NULL
4325,C2F95239-C0DB-45C6-9A6E-FF69575700A5,1,SS1-0009,Simulated Sensor 9,47.71,-122.17,2016-11-07 12:22:03.802919,575,0.62,NULL
4326,3C4AA4FB-3101-43C6-83E1-8CD6A22D629E,1,SS1-0001,Simulated Sensor 1,47.66,-122.28,2016-11-07 12:22:08.865590,576,2.69,NULL
4327,A8AF823E-526B-4D91-96EA-E77B1EA8FB46,1,SS1-0003,Simulated Sensor 3,47.60,-122.32,2016-11-07 12:22:08.948443,576,3.12,NULL
4328,A56142DD-10ED-4712-A9D2-8152C4AF28D3,1,SS1-0005,Simulated Sensor 5,47.66,-122.30,2016-11-07 12:22:09.039473,576,3.55,NULL
4329,D4FBFF13-A6B3-4280-869E-8A04BEC8E619,1,SS1-0007,Simulated Sensor 7,47.62,-122.18,2016-11-07 12:22:09.121481,576,2.55,NULL
4330,1CF7DA38-6BEE-452B-9063-732D1A66C77E,1,SS1-0009,Simulated Sensor 9,47.71,-122.17,2016-11-07 12:22:09.198537,576,1.54,NULL
4331,5104D982-AB6F-4CE0-A58A-822CE2CBF06F,1,SS1-0002,Simulated Sensor 2,47.65,-122.30,2016-11-07 12:22:08.903600,576,0.90,NULL
4332,C90FE39F-DEBF-4182-9C2E-7AB139DBBB7B,1,SS1-0004,Simulated Sensor 4,47.71,-122.33,2016-11-07 12:22:08.995617,576,1.34,NULL
4333,FBE30672-EB86-485C-8C2F-CE98F9E16B58,1,SS1-0006,Simulated Sensor 6,47.60,-122.30,2016-11-07 12:22:09.078682,576,0.33,NULL
4334,6275A031-E505-45B5-AC99-BDE088FA4A9E,1,SS1-0008,Simulated Sensor 8,47.61,-122.18,2016-11-07 12:22:09.156592,576,3.33,NULL
4335,ABF9B539-5300-472F-9D9D-ACBCA5F72648,1,SS1-0002,Simulated Sensor 2,47.65,-122.30,2016-11-07 12:22:14.289908,577,2.48,NULL
4336,F58465F1-19AF-4084-9593-13FE1D37A1B8,1,SS1-0004,Simulated Sensor 4,47.71,-122.33,2016-11-07 12:22:14.377063,577,1.48,NULL
4337,4719ADA8-E90C-484A-A094-B0E6DC011238,1,SS1-0006,Simulated Sensor 6,47.60,-122.30,2016-11-07 12:22:14.457132,577,0.48,NULL
4338,E0CE7916-0192-4912-9F7E-8B82042EF01C,1,SS1-0008,Simulated Sensor 8,47.61,-122.18,2016-11-07 12:22:14.535936,577,3.47,NULL
4339,4162A65C-71AD-423D-A9BD-4AC54B7805E9,1,SS1-0001,Simulated Sensor 1,47.66,-122.28,2016-11-07 12:22:14.248109,577,0.27,NULL
4340,339615FB-5529-4DA3-BC14-9FF918807E31,1,SS1-0003,Simulated Sensor 3,47.60,-122.32,2016-11-07 12:22:14.337148,577,2.61,NULL
4341,C290AA3C-29A0-46C5-AA09-E395472376B1,1,SS1-0005,Simulated Sensor 5,47.66,-122.30,2016-11-07 12:22:14.413920,577,2.26,NULL
4342,D1BF05F4-09DF-4F84-8BE2-5E8DF81E235E,1,SS1-0007,Simulated Sensor 7,47.62,-122.18,2016-11-07 12:22:14.497933,577,2.69,NULL
4343,011B10C3-816B-4921-9A46-95F98E2377D0,1,SS1-0009,Simulated Sensor 9,47.71,-122.17,2016-11-07 12:22:14.617939,577,3.90,NULL
4344,0ABF5E94-F3D0-48C0-9830-40B6069F60EA,1,SS1-0001,Simulated Sensor 1,47.66,-122.28,2016-11-07 12:22:19.676663,578,2.63,NULL
4345,46E13830-447D-4874-A170-0864DBE6A323,1,SS1-0003,Simulated Sensor 3,47.60,-122.32,2016-11-07 12:22:19.768588,578,0.97,NULL
4346,54395083-8C59-4F10-896D-9A2AA9DE26D6,1,SS1-0005,Simulated Sensor 5,47.66,-122.30,2016-11-07 12:22:19.863623,578,1.40,NULL
4347,ED662A69-B16A-4AC2-ADC8-3161B9939086,1,SS1-0007,Simulated Sensor 7,47.62,-122.18,2016-11-07 12:22:19.943460,578,0.40,NULL
4348,E3A8EFF6-2F9A-417C-92AD-A710D90E5FCB,1,SS1-0009,Simulated Sensor 9,47.71,-122.17,2016-11-07 12:22:20.028468,578,0.83,NULL
4349,60A2B3BF-4FFF-4ED5-9CFD-9F6190FE8289,1,SS1-0002,Simulated Sensor 2,47.65,-122.30,2016-11-07 12:22:19.720467,578,2.75,NULL
4350,DDA97CCD-9866-4716-8112-809F25A7A6A8,1,SS1-0004,Simulated Sensor 4,47.71,-122.33,2016-11-07 12:22:19.811444,578,3.19,NULL
4351,BA0417E4-271B-4949-B275-B2A1A0CC81D3,1,SS1-0006,Simulated Sensor 6,47.60,-122.30,2016-11-07 12:22:19.909458,578,3.62,NULL
4352,3F331F8B-D32E-4F3C-B5E6-3438BD8603F0,1,SS1-0008,Simulated Sensor 8,47.61,-122.18,2016-11-07 12:22:19.989464,578,2.61,NULL
4353,50292077-C125-46FF-AE5F-6B143B87A980,1,SS1-0002,Simulated Sensor 2,47.65,-122.30,2016-11-07 12:22:25.140988,579,1.11,NULL
4354,134C2E0A-E272-42D7-B74B-9D60F8DE90C0,1,SS1-0004,Simulated Sensor 4,47.71,-122.33,2016-11-07 12:22:25.310022,579,0.54,NULL
4355,EFF7C48C-CE24-4807-B999-562955F284BF,1,SS1-0006,Simulated Sensor 6,47.60,-122.30,2016-11-07 12:22:25.430077,579,2.41,NULL
4356,9E583B25-1CC3-45BD-820A-1EBF9B42B052,1,SS1-0008,Simulated Sensor 8,47.61,-122.18,2016-11-07 12:22:25.517030,579,0.75,NULL
4357,A8BC79AF-D270-406E-BFB8-4DB590ECA39F,1,SS1-0001,Simulated Sensor 1,47.66,-122.28,2016-11-07 12:22:25.081230,579,3.55,NULL
4358,B374195D-E754-404B-B9E6-8F748CCEA072,1,SS1-0003,Simulated Sensor 3,47.60,-122.32,2016-11-07 12:22:25.223994,579,0.76,NULL
4359,D6CB1034-A66D-4B1E-9489-FCAA71FB7E54,1,SS1-0005,Simulated Sensor 5,47.66,-122.30,2016-11-07 12:22:25.361038,579,2.76,NULL
4360,998936E9-B010-418A-9EF9-2E1584C1016E,1,SS1-0007,Simulated Sensor 7,47.62,-122.18,2016-11-07 12:22:25.471023,579,2.54,NULL
4361,D7E131B3-9042-40CC-B808-37EC3B15A54F,1,SS1-0009,Simulated Sensor 9,47.71,-122.17,2016-11-07 12:22:25.561033,579,2.97,NULL
4362,719C2343-C671-4C85-97D4-99B1A8382000,1,SS1-0001,Simulated Sensor 1,47.66,-122.28,2016-11-07 12:22:30.724559,580,1.47,NULL
4363,82C5BB7C-CFCC-477D-8003-7E368E1E58B8,1,SS1-0003,Simulated Sensor 3,47.60,-122.32,2016-11-07 12:22:30.929579,580,3.77,NULL
4364,570580DD-C7B3-423F-8744-CF96DCB88FA4,1,SS1-0005,Simulated Sensor 5,47.66,-122.30,2016-11-07 12:22:31.030592,580,3.54,NULL
4365,9519544D-DFE1-4512-9E8A-124B7BDC0BDE,1,SS1-0007,Simulated Sensor 7,47.62,-122.18,2016-11-07 12:22:31.142600,580,3.32,NULL
4366,6E937D18-B129-4682-87C1-A2AAF3248A75,1,SS1-0009,Simulated Sensor 9,47.71,-122.17,2016-11-07 12:22:31.320621,580,2.75,NULL
4367,D50B21CC-BEBB-49B7-B0BB-F1E99C9D3AFD,1,SS1-0002,Simulated Sensor 2,47.65,-122.30,2016-11-07 12:22:30.881574,580,1.55,NULL
4368,AA2F60EF-DC5F-4D15-8CBD-438C05B6A33A,1,SS1-0004,Simulated Sensor 4,47.71,-122.33,2016-11-07 12:22:30.976584,580,3.89,NULL
4369,5AEDB3BC-C9EB-417B-961D-1995EA01C5BD,1,SS1-0006,Simulated Sensor 6,47.60,-122.30,2016-11-07 12:22:31.082596,580,1.76,NULL
4370,FA35A008-CD42-4535-961F-743F2B9ED517,1,SS1-0008,Simulated Sensor 8,47.61,-122.18,2016-11-07 12:22:31.184610,580,1.54,NULL
4371,BA2E3E3B-FB2F-4BB6-B866-5C707285E588,1,SS1-0002,Simulated Sensor 2,47.65,-122.30,2016-11-07 12:22:36.428147,581,1.12,NULL
4372,DC8C518C-AFF4-457C-8DC4-7061075C1A9E,1,SS1-0004,Simulated Sensor 4,47.71,-122.33,2016-11-07 12:22:36.514351,581,3.47,NULL
4373,4753B3F4-DA7B-4D13-97CC-66CB8F025D36,1,SS1-0006,Simulated Sensor 6,47.60,-122.30,2016-11-07 12:22:36.595162,581,2.46,NULL
4374,4F5FA831-F235-4D51-8FE0-23FA0D411683,1,SS1-0008,Simulated Sensor 8,47.61,-122.18,2016-11-07 12:22:36.680276,581,3.55,NULL
4375,EA65214F-F69E-4518-881E-AFBB6CE987C9,1,SS1-0001,Simulated Sensor 1,47.66,-122.28,2016-11-07 12:22:36.381390,581,2.91,NULL
4376,208AC524-01F2-469A-B0F5-12D847D9193D,1,SS1-0003,Simulated Sensor 3,47.60,-122.32,2016-11-07 12:22:36.471152,581,1.25,NULL
4377,1191102E-4733-4322-B2B7-57CE90DF1334,1,SS1-0005,Simulated Sensor 5,47.66,-122.30,2016-11-07 12:22:36.559171,581,1.68,NULL
4378,62140278-C5E5-4F98-A4AF-874F7645DD5E,1,SS1-0007,Simulated Sensor 7,47.62,-122.18,2016-11-07 12:22:36.634277,581,1.33,NULL
4379,868C4E9D-9813-4B6C-98D6-2C724C3366B3,1,SS1-0009,Simulated Sensor 9,47.71,-122.17,2016-11-07 12:22:36.713261,581,3.67,NULL
4380,088489CE-3439-4ACA-9A74-9386F2FF6539,1,SS1-0001,Simulated Sensor 1,47.66,-122.28,2016-11-07 12:22:41.762873,582,2.40,NULL
4381,8E7A610A-5A3F-4F1D-BCD3-CDC18324C4CA,1,SS1-0003,Simulated Sensor 3,47.60,-122.32,2016-11-07 12:22:41.844712,582,1.39,NULL
4382,9B0CC08D-2CD0-49FB-BED2-1C0DBA758340,1,SS1-0005,Simulated Sensor 5,47.66,-122.30,2016-11-07 12:22:41.930902,582,2.48,NULL
4383,2B0EA33F-386C-44BB-A1B8-AE33553B86C9,1,SS1-0007,Simulated Sensor 7,47.62,-122.18,2016-11-07 12:22:42.071911,582,3.04,NULL
4384,FEB2D93B-4A3C-49DF-9552-42A95BCA17B9,1,SS1-0009,Simulated Sensor 9,47.71,-122.17,2016-11-07 12:22:42.162730,582,3.47,NULL
4385,351B7FFB-DF76-49C0-AC8C-4CD7716650F9,1,SS1-0002,Simulated Sensor 2,47.65,-122.30,2016-11-07 12:22:41.808698,582,0.61,NULL
4386,3BCDB28F-5994-4D6B-AF01-BE3E1C1CD359,1,SS1-0004,Simulated Sensor 4,47.71,-122.33,2016-11-07 12:22:41.886944,582,3.61,NULL
4387,97146BB9-1DF5-434A-B516-20A836E29997,1,SS1-0006,Simulated Sensor 6,47.60,-122.30,2016-11-07 12:22:41.971897,582,2.61,NULL
4388,1F690591-4D96-49B8-8684-4A4F88E815F2,1,SS1-0008,Simulated Sensor 8,47.61,-122.18,2016-11-07 12:22:42.117918,582,1.25,NULL
4389,237E7632-6FBD-4084-AFF2-B4360EA1371B,1,SS1-0002,Simulated Sensor 2,47.65,-122.30,2016-11-07 12:22:47.256352,583,0.41,NULL
4390,7C0BEC69-64CA-4FB8-A8C7-A7A72CA284FA,1,SS1-0004,Simulated Sensor 4,47.71,-122.33,2016-11-07 12:22:47.349364,583,2.75,NULL
4391,96C3BFAA-FB42-4F13-9141-C4CE653BA510,1,SS1-0006,Simulated Sensor 6,47.60,-122.30,2016-11-07 12:22:47.453286,583,0.62,NULL
4392,C27127D7-4FD5-4439-82EB-1394AFD1FB9B,1,SS1-0008,Simulated Sensor 8,47.61,-122.18,2016-11-07 12:22:47.556297,583,1.05,NULL
4393,02E660E7-D5C0-4B7B-989E-1A2481061771,1,SS1-0001,Simulated Sensor 1,47.66,-122.28,2016-11-07 12:22:47.209385,583,2.19,NULL
4394,F63EEBF6-45F5-49FB-96B8-CE7E51CD8809,1,SS1-0003,Simulated Sensor 3,47.60,-122.32,2016-11-07 12:22:47.299260,583,2.62,NULL
4395,5A43EF25-B834-4B40-8159-8CEB4CAC9774,1,SS1-0005,Simulated Sensor 5,47.66,-122.30,2016-11-07 12:22:47.391275,583,0.97,NULL
4396,367A047A-119F-4539-812C-27C55A64F9B5,1,SS1-0007,Simulated Sensor 7,47.62,-122.18,2016-11-07 12:22:47.514292,583,2.18,NULL
4397,026EBFA7-5EEB-4886-B4E4-F8FE1AC3CF8E,1,SS1-0009,Simulated Sensor 9,47.71,-122.17,2016-11-07 12:22:47.591362,583,1.18,NULL
4398,C14C9193-BB08-425B-B55C-39EB7E0EC677,1,SS1-0001,Simulated Sensor 1,47.66,-122.28,2016-11-07 12:22:52.752060,584,1.77,NULL
4399,250FD6D1-EA36-4FA4-BEB9-181BD057728D,1,SS1-0003,Simulated Sensor 3,47.60,-122.32,2016-11-07 12:22:52.846912,584,0.11,NULL
4400,C3595296-09B5-41BA-93D2-DC501B0D5A06,1,SS1-0005,Simulated Sensor 5,47.66,-122.30,2016-11-07 12:22:52.940843,584,0.54,NULL
4401,308CA841-0732-4FE5-94FC-63696F2DA93B,1,SS1-0007,Simulated Sensor 7,47.62,-122.18,2016-11-07 12:22:53.048086,584,2.41,NULL
4402,14747FA5-0C1E-4B1B-AC1F-87F20E91CE23,1,SS1-0009,Simulated Sensor 9,47.71,-122.17,2016-11-07 12:22:53.162885,584,2.18,NULL
4403,08E028BE-31CD-4CF0-9E4A-599642ACD34E,1,SS1-0002,Simulated Sensor 2,47.65,-122.30,2016-11-07 12:22:52.799994,584,3.98,NULL
4404,01A48441-475E-436D-9C50-9C48BF049DDA,1,SS1-0004,Simulated Sensor 4,47.71,-122.33,2016-11-07 12:22:52.897850,584,2.32,NULL
4405,91623813-3D10-4816-8234-17500ECD16E5,1,SS1-0006,Simulated Sensor 6,47.60,-122.30,2016-11-07 12:22:52.980842,584,2.76,NULL
4406,0C57F865-8253-45A8-B592-7CD6E6705E75,1,SS1-0008,Simulated Sensor 8,47.61,-122.18,2016-11-07 12:22:53.097920,584,2.53,NULL
4407,1DFB5F0E-1B1E-42D6-BD5D-1CE098822A7B,1,SS1-0002,Simulated Sensor 2,47.65,-122.30,2016-11-07 12:22:58.683420,585,0.32,NULL
4408,7AC930A0-467B-4C52-93BA-E837F2DE539A,1,SS1-0004,Simulated Sensor 4,47.71,-122.33,2016-11-07 12:22:59.106464,585,2.18,NULL
4409,DC4F139C-7A76-4C72-B174-033D30AE38B4,1,SS1-0006,Simulated Sensor 6,47.60,-122.30,2016-11-07 12:22:59.226691,585,1.95,NULL
4410,3E8F1A3C-1158-454B-9D60-B38F25D260AA,1,SS1-0008,Simulated Sensor 8,47.61,-122.18,2016-11-07 12:22:59.327683,585,3.82,NULL
4411,A3C0107F-9400-41BE-A0AE-8DAE37F9D497,1,SS1-0001,Simulated Sensor 1,47.66,-122.28,2016-11-07 12:22:58.377394,585,0.33,NULL
4412,6EC69581-0B4B-4816-9D33-6CF466065B02,1,SS1-0003,Simulated Sensor 3,47.60,-122.32,2016-11-07 12:22:58.953450,585,0.18,NULL
4413,0E03CC34-4FBD-4DEA-841A-2C65ED035EE5,1,SS1-0005,Simulated Sensor 5,47.66,-122.30,2016-11-07 12:22:59.185483,585,1.17,NULL
4414,49FDF330-3686-4806-B133-7CC4A146ABD3,1,SS1-0007,Simulated Sensor 7,47.62,-122.18,2016-11-07 12:22:59.287721,585,1.60,NULL
4415,BFE93169-5066-4D17-A38C-CD824106EF9C,1,SS1-0009,Simulated Sensor 9,47.71,-122.17,2016-11-07 12:22:59.391495,585,1.38,NULL
4416,D8BEF1FA-C37F-4A36-9B4D-3B94A6BF75A4,1,SS1-0001,Simulated Sensor 1,47.66,-122.28,2016-11-07 12:23:04.445228,586,0.10,NULL
4417,B1E9200E-3581-4B60-8D2A-BECF314D442E,1,SS1-0003,Simulated Sensor 3,47.60,-122.32,2016-11-07 12:23:04.543027,586,1.97,NULL
4418,E0D39B12-571C-4DBD-ADD9-F5237B245338,1,SS1-0005,Simulated Sensor 5,47.66,-122.30,2016-11-07 12:23:04.626034,586,0.97,NULL
4419,084D8446-ADC4-4A3F-B0A5-28E6CA9A661C,1,SS1-0007,Simulated Sensor 7,47.62,-122.18,2016-11-07 12:23:04.707043,586,3.96,NULL
4420,78B610D8-EC6B-4DE3-89D7-ADEB0ADFCB6C,1,SS1-0009,Simulated Sensor 9,47.71,-122.17,2016-11-07 12:23:04.798253,586,0.40,NULL
4421,5D5E14B0-EC3A-4180-8CDE-4BFD4DD2D707,1,SS1-0002,Simulated Sensor 2,47.65,-122.30,2016-11-07 12:23:04.488071,586,2.32,NULL
4422,3741AD5B-5EE9-417F-9D8E-DF29404DB589,1,SS1-0004,Simulated Sensor 4,47.71,-122.33,2016-11-07 12:23:04.581029,586,2.75,NULL
4423,6CB8E041-B151-472A-8D17-1400F5AC3E8F,1,SS1-0006,Simulated Sensor 6,47.60,-122.30,2016-11-07 12:23:04.666038,586,1.75,NULL
4424,66063951-C10F-46D5-BC57-2674E7691908,1,SS1-0008,Simulated Sensor 8,47.61,-122.18,2016-11-07 12:23:04.742204,586,0.75,NULL
4425,E64FCA33-7B29-4F4C-BC49-F709B91E345E,1,SS1-0001,Simulated Sensor 1,47.66,-122.28,2016-11-07 13:13:12.777564,587,3.13,NULL
4426,39A0342F-4B6B-41BF-B975-64FCDED0F5AE,1,SS1-0003,Simulated Sensor 3,47.60,-122.32,2016-11-07 13:13:15.811914,587,1.01,NULL
4427,B8D83FA9-ABC3-4B40-BF56-FE225E0D520A,1,SS1-0005,Simulated Sensor 5,47.66,-122.30,2016-11-07 13:13:15.917867,587,2.88,NULL
4428,25BAD5CC-DBA6-4C46-BB0D-04DE26549B27,1,SS1-0007,Simulated Sensor 7,47.62,-122.18,2016-11-07 13:13:16.041895,587,0.09,NULL
4429,6A3CC4CE-0461-4215-8FA5-C2BDA600A3A6,1,SS1-0009,Simulated Sensor 9,47.71,-122.17,2016-11-07 13:13:16.155115,587,3.87,NULL
4430,9B581E19-58E6-488D-8515-415A21153D26,1,SS1-0002,Simulated Sensor 2,47.65,-122.30,2016-11-07 13:13:15.679843,587,3.80,NULL
4431,31AEEB4A-F55C-4BA1-8E7E-4DF6D5AF6F3F,1,SS1-0004,Simulated Sensor 4,47.71,-122.33,2016-11-07 13:13:15.879928,587,0.66,NULL
4432,D05B2D0C-D667-4172-AC1E-F1AB0157C257,1,SS1-0006,Simulated Sensor 6,47.60,-122.30,2016-11-07 13:13:16.000883,587,1.88,NULL
4433,6F72FEA1-E954-4855-A783-AD1799A3EA99,1,SS1-0008,Simulated Sensor 8,47.61,-122.18,2016-11-07 13:13:16.115078,587,3.09,NULL
4434,CD32714E-A1DF-4CCF-ACB4-F4D63C5F67B8,1,SS1-0001,Simulated Sensor 1,47.66,-122.28,2016-11-07 13:21:50.004395,588,2.89,NULL
4435,E2E39AEE-9D9F-494D-9205-402F62C096E3,1,SS1-0003,Simulated Sensor 3,47.60,-122.32,2016-11-07 13:21:54.676844,588,1.97,NULL
4436,441D7E50-6160-425D-898C-3913AF1DA0E9,1,SS1-0005,Simulated Sensor 5,47.66,-122.30,2016-11-07 13:21:54.754854,588,0.97,NULL
4437,47160006-C15F-4A19-AB5D-1452D586AB4D,1,SS1-0007,Simulated Sensor 7,47.62,-122.18,2016-11-07 13:21:54.849864,588,1.40,NULL
4438,8BE6AAB0-B963-485D-9B27-4C2D47A40FAA,1,SS1-0009,Simulated Sensor 9,47.71,-122.17,2016-11-07 13:21:54.942873,588,1.83,NULL
4439,6FE7F96C-4C23-4004-9BB0-BBC5182D9E4D,1,SS1-0002,Simulated Sensor 2,47.65,-122.30,2016-11-07 13:22:00.204379,589,0.11,NULL
4440,4E897CB3-6176-481D-A661-658F875D7ED9,1,SS1-0004,Simulated Sensor 4,47.71,-122.33,2016-11-07 13:22:00.408401,589,0.32,NULL
4441,A36E0093-EF3C-43AC-A8F1-1F9887ACAF10,1,SS1-0006,Simulated Sensor 6,47.60,-122.30,2016-11-07 13:22:00.506403,589,0.75,NULL
4442,DF7E626A-B22F-4749-B78D-9C25F1155787,1,SS1-0008,Simulated Sensor 8,47.61,-122.18,2016-11-07 13:22:00.750436,589,3.18,NULL
4443,5AC8D040-8E5E-46FC-B92A-59731B047BCD,1,SS1-0001,Simulated Sensor 1,47.66,-122.28,2016-11-07 13:22:06.189181,590,2.97,NULL
4444,641EB315-841E-4B30-AFAE-8B800B4F073E,1,SS1-0003,Simulated Sensor 3,47.60,-122.32,2016-11-07 13:22:06.302963,590,2.75,NULL
4445,A671704F-79B3-4C3B-8498-1593E6D17990,1,SS1-0005,Simulated Sensor 5,47.66,-122.30,2016-11-07 13:22:06.385179,590,1.75,NULL
4446,8636B1C9-C2FE-4FC3-A5A0-B8EE8394B507,1,SS1-0007,Simulated Sensor 7,47.62,-122.18,2016-11-07 13:22:06.466252,590,2.18,NULL
4447,F1C6C5FC-35D6-4900-86F2-ABC2CC06DADF,1,SS1-0009,Simulated Sensor 9,47.71,-122.17,2016-11-07 13:22:06.546992,590,1.17,NULL
4448,2E213AD3-C287-4DEB-A4E7-0F5F99E37769,1,SS1-0002,Simulated Sensor 2,47.65,-122.30,2016-11-07 13:22:11.642496,591,2.11,NULL
4449,F53C6ECC-2890-48E9-86D2-867E350A9BC5,1,SS1-0004,Simulated Sensor 4,47.71,-122.33,2016-11-07 13:22:11.734504,591,0.45,NULL
4450,CE0DEF30-D705-4CCB-98F9-F186497D31E0,1,SS1-0006,Simulated Sensor 6,47.60,-122.30,2016-11-07 13:22:11.821499,591,1.54,NULL
4451,9EF32564-6D66-4681-B38A-603E4312A1F5,1,SS1-0008,Simulated Sensor 8,47.61,-122.18,2016-11-07 13:22:11.916738,591,3.88,NULL
4452,1198DF89-B2A3-4D30-ABDB-A2A31A31B244,1,SS1-0002,Simulated Sensor 2,47.65,-122.30,2016-11-07 13:21:54.551834,588,0.76,NULL
4453,0DA1FEC7-A01B-46A8-A840-5E20A2E0FD3A,1,SS1-0004,Simulated Sensor 4,47.71,-122.33,2016-11-07 13:21:54.712902,588,2.75,NULL
4454,B8BFB81A-2948-4C85-967B-B2FC875E1456,1,SS1-0006,Simulated Sensor 6,47.60,-122.30,2016-11-07 13:21:54.797857,588,3.18,NULL
4455,84BD76FA-D897-41C3-BA78-60FAD79DFD88,1,SS1-0008,Simulated Sensor 8,47.61,-122.18,2016-11-07 13:21:54.900865,588,3.62,NULL
4456,18D85D4F-330F-48FB-8735-FCCA49DEC625,1,SS1-0001,Simulated Sensor 1,47.66,-122.28,2016-11-07 13:22:00.117371,589,3.68,NULL
4457,E97D73F0-A2D1-4E4E-BEF4-58D271B38634,1,SS1-0003,Simulated Sensor 3,47.60,-122.32,2016-11-07 13:22:00.357393,589,2.10,NULL
4458,1C918F91-C995-4292-A78F-171AE7FA79B1,1,SS1-0005,Simulated Sensor 5,47.66,-122.30,2016-11-07 13:22:00.455453,589,2.53,NULL
4459,147D0F28-67BA-4180-B426-679CE3BA9CE0,1,SS1-0007,Simulated Sensor 7,47.62,-122.18,2016-11-07 13:22:00.666431,589,2.74,NULL
4460,067E50CA-1453-4FD5-A3E3-262922C7AA3F,1,SS1-0009,Simulated Sensor 9,47.71,-122.17,2016-11-07 13:22:00.837440,589,2.17,NULL
4461,144691E4-5DCA-4999-8FFE-306E91948BE8,1,SS1-0002,Simulated Sensor 2,47.65,-122.30,2016-11-07 13:22:06.255140,590,0.53,NULL
4462,7B9C3B32-4252-49A7-BFF2-0E2E3DC5A095,1,SS1-0004,Simulated Sensor 4,47.71,-122.33,2016-11-07 13:22:06.341236,590,0.97,NULL
4463,D8F9A557-707C-44F8-BD7C-1E2373803E07,1,SS1-0006,Simulated Sensor 6,47.60,-122.30,2016-11-07 13:22:06.429161,590,3.96,NULL
4464,CCAC4B11-3118-409A-A134-96E76EBEC091,1,SS1-0008,Simulated Sensor 8,47.61,-122.18,2016-11-07 13:22:06.510202,590,2.96,NULL
4465,4ADC0102-177B-4B2E-948B-8AF91BAE1CB3,1,SS1-0001,Simulated Sensor 1,47.66,-122.28,2016-11-07 13:22:11.598598,591,3.90,NULL
4466,9D1E7C9B-2E62-4744-BC6D-60AB43FD363F,1,SS1-0003,Simulated Sensor 3,47.60,-122.32,2016-11-07 13:22:11.691667,591,0.33,NULL
4467,EFA1CE06-2B94-41A5-8A90-521AA1A27388,1,SS1-0005,Simulated Sensor 5,47.66,-122.30,2016-11-07 13:22:11.781494,591,2.67,NULL
4468,70E3813A-5B0E-4942-A303-5FC1DBAC28CF,1,SS1-0007,Simulated Sensor 7,47.62,-122.18,2016-11-07 13:22:11.882505,591,3.10,NULL
4469,95881689-6A13-4F6F-99F3-7E46F5505556,1,SS1-0009,Simulated Sensor 9,47.71,-122.17,2016-11-07 13:22:11.962754,591,2.10,NULL
4470,9D54F483-9E34-42EB-B9CE-C41C5311401F,1,SS1-0002,Simulated Sensor 2,47.65,-122.30,2016-11-07 13:22:17.076195,592,3.82,NULL
4471,46400BA3-4E8B-4890-98AB-F9A970F02E88,1,SS1-0004,Simulated Sensor 4,47.71,-122.33,2016-11-07 13:22:17.156013,592,2.82,NULL
4472,4AECCFBF-13AD-4600-9BF4-66D73A330AE2,1,SS1-0006,Simulated Sensor 6,47.60,-122.30,2016-11-07 13:22:17.243287,592,1.81,NULL
4473,DB83C8EF-4A71-4FB0-B185-01FE2BD90D68,1,SS1-0008,Simulated Sensor 8,47.61,-122.18,2016-11-07 13:22:17.330029,592,2.24,NULL
4474,6C84051B-896C-4CFC-B202-6071D63C0A98,1,SS1-0001,Simulated Sensor 1,47.66,-122.28,2016-11-07 13:22:17.036237,592,1.60,NULL
4475,652BB9C6-9116-418F-B6F9-8878F3FFDB78,1,SS1-0003,Simulated Sensor 3,47.60,-122.32,2016-11-07 13:22:17.119009,592,0.60,NULL
4476,0492F835-FCFA-42FD-B24C-601FA2B6F13E,1,SS1-0005,Simulated Sensor 5,47.66,-122.30,2016-11-07 13:22:17.208018,592,1.03,NULL
4477,84FF4060-2C01-43FD-896C-79F60842D925,1,SS1-0007,Simulated Sensor 7,47.62,-122.18,2016-11-07 13:22:17.292026,592,0.03,NULL
4478,7C5EDF16-B990-42C5-8B3C-5E8811FFD287,1,SS1-0009,Simulated Sensor 9,47.71,-122.17,2016-11-07 13:22:17.386173,592,0.46,NULL
4479,D745DD18-9BB1-466E-B510-0C047BB0F575,1,SS1-0001,Simulated Sensor 1,47.66,-122.28,2016-11-07 13:22:22.435737,593,0.62,NULL
4480,62EEF674-AA65-4B59-BD8B-24D394A121BE,1,SS1-0003,Simulated Sensor 3,47.60,-122.32,2016-11-07 13:22:22.519688,593,3.61,NULL
4481,8764AF6B-34F7-4666-8DE9-AA83514FBDBD,1,SS1-0005,Simulated Sensor 5,47.66,-122.30,2016-11-07 13:22:22.607632,593,1.96,NULL
4482,F6F70129-00C6-43AD-B1ED-64B09BC9AC21,1,SS1-0007,Simulated Sensor 7,47.62,-122.18,2016-11-07 13:22:22.688761,593,3.04,NULL
4483,C381483D-44AC-43D9-930E-99B3766E04DC,1,SS1-0009,Simulated Sensor 9,47.71,-122.17,2016-11-07 13:22:22.768680,593,2.04,NULL
4484,22910C40-06E3-4F3A-8B58-75D17E97CCD3,1,SS1-0002,Simulated Sensor 2,47.65,-122.30,2016-11-07 13:22:22.482533,593,0.74,NULL
4485,3B533F80-1A7B-4537-9109-102035D3652E,1,SS1-0004,Simulated Sensor 4,47.71,-122.33,2016-11-07 13:22:22.568721,593,1.83,NULL
4486,6C644DF3-A7B9-4998-B07A-0AE6C0F97C69,1,SS1-0006,Simulated Sensor 6,47.60,-122.30,2016-11-07 13:22:22.652660,593,0.83,NULL
4487,35F7490E-0B48-484C-A047-999F4BDEE643,1,SS1-0008,Simulated Sensor 8,47.61,-122.18,2016-11-07 13:22:22.729717,593,3.82,NULL
4488,4DF0835E-10BF-4FB5-A93F-2A0F4E556907,1,SS1-0002,Simulated Sensor 2,47.65,-122.30,2016-11-07 13:22:27.899087,594,3.76,NULL
4489,D0914105-5104-425C-9834-30DEDF82D7C7,1,SS1-0004,Simulated Sensor 4,47.71,-122.33,2016-11-07 13:22:28.000256,594,3.54,NULL
4490,4EB39F67-4EAF-4D99-A1BC-307763FF8374,1,SS1-0001,Simulated Sensor 1,47.66,-122.28,2016-11-07 13:22:27.817221,594,0.76,NULL
4491,BDC7AF9B-17E6-428F-8C15-E23F46F915BA,1,SS1-0006,Simulated Sensor 6,47.60,-122.30,2016-11-07 13:22:28.277016,594,3.40,NULL
4492,25786089-014F-40D1-92D6-964B35554D98,1,SS1-0003,Simulated Sensor 3,47.60,-122.32,2016-11-07 13:22:27.951978,594,1.32,NULL
4493,715A5FC7-66E5-45C2-AFE1-046809EE5942,1,SS1-0008,Simulated Sensor 8,47.61,-122.18,2016-11-07 13:22:28.357264,594,1.74,NULL
4494,39359493-8F8D-42A3-BFAB-E2C9FB4A14F2,1,SS1-0005,Simulated Sensor 5,47.66,-122.30,2016-11-07 13:22:28.182108,594,2.96,NULL
4495,CA0E4C3C-7C64-4AD3-B775-19D3F8D245C4,1,SS1-0007,Simulated Sensor 7,47.62,-122.18,2016-11-07 13:22:28.319154,594,1.61,NULL
4496,2F24497C-1BCF-4E5A-83F8-ABE1E8BAECA9,1,SS1-0009,Simulated Sensor 9,47.71,-122.17,2016-11-07 13:22:28.400025,594,0.61,NULL
4497,789DC1CB-F5F1-4079-AF29-497FB7892012,1,SS1-0001,Simulated Sensor 1,47.66,-122.28,2016-11-07 13:22:33.452737,595,2.68,NULL
4498,59FF044E-DBC4-4C9C-9547-0F0FE72AFD7E,1,SS1-0003,Simulated Sensor 3,47.60,-122.32,2016-11-07 13:22:33.550505,595,3.11,NULL
4499,FB45D3FF-2D85-4840-86D0-C7C6C2893D87,1,SS1-0005,Simulated Sensor 5,47.66,-122.30,2016-11-07 13:22:33.644722,595,3.54,NULL
4500,C7A43945-6241-4602-B444-4F9F4C37B54D,1,SS1-0007,Simulated Sensor 7,47.62,-122.18,2016-11-07 13:22:33.728691,595,2.54,NULL
4501,D401C882-5E1B-4183-9FBB-9CADAD7C03C0,1,SS1-0009,Simulated Sensor 9,47.71,-122.17,2016-11-07 13:22:33.814513,595,2.97,NULL
4502,AC0AC87D-83D2-4261-A129-527BC7608E29,1,SS1-0002,Simulated Sensor 2,47.65,-122.30,2016-11-07 13:22:33.508485,595,0.89,NULL
4503,322F49B8-99F8-410A-A4C0-210085997A2C,1,SS1-0004,Simulated Sensor 4,47.71,-122.33,2016-11-07 13:22:33.606493,595,0.67,NULL
4504,4523EA02-6A23-4426-AC3A-408A0DC6F56C,1,SS1-0006,Simulated Sensor 6,47.60,-122.30,2016-11-07 13:22:33.690728,595,1.76,NULL
4505,8CF83CCA-98B1-4DBB-B2F4-FD2D792ED45A,1,SS1-0008,Simulated Sensor 8,47.61,-122.18,2016-11-07 13:22:33.768508,595,0.75,NULL
4506,18B60240-C45C-4DE2-ABF8-947D2E9AA806,1,SS1-0002,Simulated Sensor 2,47.65,-122.30,2016-11-07 13:22:38.907292,596,1.82,NULL
4507,084E184E-4FAA-47E4-B9EF-7222124E3FA4,1,SS1-0004,Simulated Sensor 4,47.71,-122.33,2016-11-07 13:22:38.986073,596,0.81,NULL
4508,0E397854-29B4-4480-B899-D7C583B3F125,1,SS1-0006,Simulated Sensor 6,47.60,-122.30,2016-11-07 13:22:39.066978,596,1.90,NULL
4509,25A0BC9A-E722-49D9-AE18-19366626D1F2,1,SS1-0008,Simulated Sensor 8,47.61,-122.18,2016-11-07 13:22:39.152011,596,0.90,NULL
4510,CD1F8889-390E-4A6E-BDD4-34E358862B17,1,SS1-0001,Simulated Sensor 1,47.66,-122.28,2016-11-07 13:22:38.866209,596,3.60,NULL
4511,021E2C69-28A2-4D08-AF13-A53F37934F88,1,SS1-0003,Simulated Sensor 3,47.60,-122.32,2016-11-07 13:22:38.948028,596,0.69,NULL
4512,FFB940BF-F930-419F-8E6F-2D66397119D6,1,SS1-0005,Simulated Sensor 5,47.66,-122.30,2016-11-07 13:22:39.027028,596,3.68,NULL
4513,C8BBBE27-37A3-4E35-926A-8083BADA96D5,1,SS1-0007,Simulated Sensor 7,47.62,-122.18,2016-11-07 13:22:39.104980,596,2.68,NULL
4514,1336E78D-44AF-4D43-AAF9-FD36895FE618,1,SS1-0009,Simulated Sensor 9,47.71,-122.17,2016-11-07 13:22:39.201065,596,2.46,NULL
4515,1C74A9C2-5CCA-4F99-9DEE-5E5DE323D34F,1,SS1-0001,Simulated Sensor 1,47.66,-122.28,2016-11-07 13:22:44.265553,597,2.62,NULL
4516,A8400316-787E-4E20-BB33-B91F578BB932,1,SS1-0003,Simulated Sensor 3,47.60,-122.32,2016-11-07 13:22:44.369455,597,0.96,NULL
4517,3AFA5EA9-1BD7-4FF0-974E-D9242964C06F,1,SS1-0005,Simulated Sensor 5,47.66,-122.30,2016-11-07 13:22:44.474468,597,2.83,NULL
4518,68A6EFD4-FA3C-4F94-A89B-8C572F0147AE,1,SS1-0007,Simulated Sensor 7,47.62,-122.18,2016-11-07 13:22:44.585475,597,2.60,NULL
4519,BA5B2B03-FB1B-483D-8794-1B78B1E8D8D8,1,SS1-0002,Simulated Sensor 2,47.65,-122.30,2016-11-07 13:22:44.329451,597,0.18,NULL
4520,DE4FFE84-4C34-4DFF-9E9E-A9F78C1751E5,1,SS1-0009,Simulated Sensor 9,47.71,-122.17,2016-11-07 13:22:44.710484,597,3.82,NULL
4521,47645966-D047-44D1-8AA1-A4D8A5A5D674,1,SS1-0004,Simulated Sensor 4,47.71,-122.33,2016-11-07 13:22:44.423460,597,0.61,NULL
4522,FF17242D-745C-4595-9704-7A9D67C94812,1,SS1-0006,Simulated Sensor 6,47.60,-122.30,2016-11-07 13:22:44.528469,597,0.39,NULL
4523,9A168DA9-32CB-4E80-A894-76B28BB3D76F,1,SS1-0008,Simulated Sensor 8,47.61,-122.18,2016-11-07 13:22:44.652481,597,2.25,NULL
4524,EE42A433-7F5A-4477-A483-B9F33FFABC04,1,SS1-0002,Simulated Sensor 2,47.65,-122.30,2016-11-07 13:22:49.999081,598,0.96,NULL
4525,F5E6CAEF-D55B-4563-833C-A74F0B0C5AA7,1,SS1-0001,Simulated Sensor 1,47.66,-122.28,2016-11-07 13:22:49.836142,598,1.53,NULL
4526,A778BB59-06E8-460B-B967-53E7835B047B,1,SS1-0004,Simulated Sensor 4,47.71,-122.33,2016-11-07 13:22:50.309178,598,1.60,NULL
4527,8CE2632F-3302-4BBE-B239-6401244A83F6,1,SS1-0006,Simulated Sensor 6,47.60,-122.30,2016-11-07 13:22:50.402163,598,2.04,NULL
4528,465E4601-DDEC-41F0-AAE9-4C4814078CEB,1,SS1-0008,Simulated Sensor 8,47.61,-122.18,2016-11-07 13:22:50.487144,598,0.38,NULL
4529,A937BF3B-0E12-4C06-8D6B-C9B302C25CDA,1,SS1-0003,Simulated Sensor 3,47.60,-122.32,2016-11-07 13:22:50.215980,598,1.17,NULL
4530,BA645147-FE30-4350-AA58-602FA606AFCD,1,SS1-0005,Simulated Sensor 5,47.66,-122.30,2016-11-07 13:22:50.351998,598,3.82,NULL
4531,D68589FF-5FF4-4607-91EB-7606DE9E8F53,1,SS1-0007,Simulated Sensor 7,47.62,-122.18,2016-11-07 13:22:50.442216,598,0.25,NULL
4532,1430E6C9-8D53-4C65-9B2B-B798CF52D0A4,1,SS1-0009,Simulated Sensor 9,47.71,-122.17,2016-11-07 13:22:50.531137,598,2.59,NULL
4533,F0503E92-33DD-4E01-BF8F-88F6FA1ACBFB,1,SS1-0001,Simulated Sensor 1,47.66,-122.28,2016-11-07 13:22:55.583457,599,1.32,NULL
4534,274E7481-241B-4D95-BCF9-9E2911B84921,1,SS1-0003,Simulated Sensor 3,47.60,-122.32,2016-11-07 13:22:55.684701,599,1.75,NULL
4535,35386F81-D6DA-447D-A074-EC6D591F9A5F,1,SS1-0005,Simulated Sensor 5,47.66,-122.30,2016-11-07 13:22:55.772711,599,2.18,NULL
4536,FB184DE9-249A-4D67-A7C8-78255FCEF882,1,SS1-0007,Simulated Sensor 7,47.62,-122.18,2016-11-07 13:22:55.860485,599,0.52,NULL
4537,D257938C-C086-415B-A4F8-479CB5C0D448,1,SS1-0002,Simulated Sensor 2,47.65,-122.30,2016-11-07 13:22:55.633634,599,3.53,NULL
4538,5716E624-8C00-4261-88C0-365DFE7C52AC,1,SS1-0009,Simulated Sensor 9,47.71,-122.17,2016-11-07 13:22:56.010554,599,3.17,NULL
4539,264C5360-A7FE-4CC6-92BD-E6EC3B7F7B41,1,SS1-0004,Simulated Sensor 4,47.71,-122.33,2016-11-07 13:22:55.731619,599,3.96,NULL
4540,CB12B55E-6FAF-4E69-B7BD-E7E59B6D506D,1,SS1-0006,Simulated Sensor 6,47.60,-122.30,2016-11-07 13:22:55.821484,599,0.40,NULL
4541,989158C3-C744-46C9-A73B-2A2C3F188741,1,SS1-0008,Simulated Sensor 8,47.61,-122.18,2016-11-07 13:22:55.900488,599,3.39,NULL
4542,AB11B40A-8E78-4977-9749-6477A83542E8,1,SS1-0002,Simulated Sensor 2,47.65,-122.30,2016-11-07 13:23:01.141997,600,2.32,NULL
4543,7AE6B1F2-556C-40BC-939A-B795B5F02285,1,SS1-0004,Simulated Sensor 4,47.71,-122.33,2016-11-07 13:23:01.221967,600,1.32,NULL
4544,3F2A49B6-16B7-4097-8947-4A7E49E928BA,1,SS1-0006,Simulated Sensor 6,47.60,-122.30,2016-11-07 13:23:01.304205,600,0.32,NULL
4545,468A966D-BB7C-4B8B-9930-D223F2E6DBCB,1,SS1-0008,Simulated Sensor 8,47.61,-122.18,2016-11-07 13:23:01.381979,600,3.31,NULL
4546,34E1CC91-4D32-4D8E-BEF7-15F881788217,1,SS1-0001,Simulated Sensor 1,47.66,-122.28,2016-11-07 13:23:01.072195,600,3.33,NULL
4547,B0F278B5-DA00-47DE-898C-ABB0A0A995E1,1,SS1-0003,Simulated Sensor 3,47.60,-122.32,2016-11-07 13:23:01.188961,600,0.54,NULL
4548,E84EFC5D-76D1-4223-9843-0D308FDDAAE9,1,SS1-0005,Simulated Sensor 5,47.66,-122.30,2016-11-07 13:23:01.267042,600,3.54,NULL
4549,AC5D4718-37FB-47FA-9DEB-2C0E34EA41FE,1,SS1-0007,Simulated Sensor 7,47.62,-122.18,2016-11-07 13:23:01.345975,600,2.53,NULL
4550,A2B5CD57-1A96-4B97-AFC3-A192734AF443,1,SS1-0009,Simulated Sensor 9,47.71,-122.17,2016-11-07 13:23:01.416982,600,0.10,NULL
4551,F303E76D-915B-4E2C-8450-3C8C4D0CB170,1,SS1-0001,Simulated Sensor 1,47.66,-122.28,2016-11-07 13:23:06.459427,601,2.82,NULL
4552,87E6F958-076B-4A68-A2D2-82711F87ED25,1,SS1-0003,Simulated Sensor 3,47.60,-122.32,2016-11-07 13:23:06.605444,601,1.47,NULL
4553,59E0D13C-FD48-4064-85FF-1332C50356A5,1,SS1-0005,Simulated Sensor 5,47.66,-122.30,2016-11-07 13:23:06.713659,601,1.24,NULL
4554,B0ABE685-C2A0-4112-A83F-1EA0FEA81A57,1,SS1-0002,Simulated Sensor 2,47.65,-122.30,2016-11-07 13:23:06.567446,601,0.69,NULL
4555,75C6E41A-24F1-448C-BB8D-50C976DA1BCE,1,SS1-0004,Simulated Sensor 4,47.71,-122.33,2016-11-07 13:23:06.652553,601,3.68,NULL
4556,104CFE24-1C8B-4CB5-B821-597E33B434D9,1,SS1-0007,Simulated Sensor 7,47.62,-122.18,2016-11-07 13:23:07.148489,601,0.53,NULL
4557,88A9BAB7-0070-49E3-B77C-8FD0F4480129,1,SS1-0009,Simulated Sensor 9,47.71,-122.17,2016-11-07 13:23:07.265504,601,1.75,NULL
4558,7AF6DD9F-8B6A-4CB0-9045-6E481988A5E6,1,SS1-0006,Simulated Sensor 6,47.60,-122.30,2016-11-07 13:23:07.066616,601,1.54,NULL
4559,EAE6419D-8BDC-417B-912D-2FFE8F5BEC2C,1,SS1-0008,Simulated Sensor 8,47.61,-122.18,2016-11-07 13:23:07.217511,601,3.53,NULL
4560,6F0568E9-AD06-46FC-8C3D-1DFA23456DEA,1,SS1-0002,Simulated Sensor 2,47.65,-122.30,2016-11-07 13:23:12.358961,602,0.59,NULL
4561,B0110198-7E30-4B28-A9D9-F1AB0F9502A1,1,SS1-0004,Simulated Sensor 4,47.71,-122.33,2016-11-07 13:23:12.448967,602,1.68,NULL
4562,37093395-6748-40F8-BE5A-F2029960BD45,1,SS1-0006,Simulated Sensor 6,47.60,-122.30,2016-11-07 13:23:12.517975,602,0.68,NULL
4563,D575AD15-3000-4975-BAC7-CF9AD04B76F5,1,SS1-0008,Simulated Sensor 8,47.61,-122.18,2016-11-07 13:23:12.598984,602,3.67,NULL
4564,13CAD9CF-F812-4DFB-AD4C-105FAE604147,1,SS1-0001,Simulated Sensor 1,47.66,-122.28,2016-11-07 13:23:12.316233,602,0.47,NULL
4565,03F7B461-C79A-41AB-BBEB-D318394FCA19,1,SS1-0003,Simulated Sensor 3,47.60,-122.32,2016-11-07 13:23:12.406974,602,2.81,NULL
4566,0B45519B-E3DD-491C-A223-744E24A8953C,1,SS1-0005,Simulated Sensor 5,47.66,-122.30,2016-11-07 13:23:12.482972,602,1.81,NULL
4567,B7F4BA8D-6474-45EE-9347-340EFCE74523,1,SS1-0007,Simulated Sensor 7,47.62,-122.18,2016-11-07 13:23:12.561128,602,2.89,NULL
4568,4493F854-A803-46F4-BE09-6ACE3D969B8F,1,SS1-0009,Simulated Sensor 9,47.71,-122.17,2016-11-07 13:23:12.632983,602,0.45,NULL
4569,C1AC101E-595B-4340-81EF-A8512AB95DE5,1,SS1-0001,Simulated Sensor 1,47.66,-122.28,2016-11-07 13:23:17.686657,603,0.61,NULL
4570,CBEA2EEB-ACC2-4DED-8400-66ABEAE8C08F,1,SS1-0003,Simulated Sensor 3,47.60,-122.32,2016-11-07 13:23:17.768444,603,3.61,NULL
4571,ABA744C8-1AB9-4DD4-9BB7-1E3D65682B04,1,SS1-0005,Simulated Sensor 5,47.66,-122.30,2016-11-07 13:23:17.849448,603,2.60,NULL
4572,EBEC789F-F435-4528-9D1C-FBDD6D28F79D,1,SS1-0007,Simulated Sensor 7,47.62,-122.18,2016-11-07 13:23:17.937596,603,3.04,NULL
4573,EB610E35-29A4-4E0A-AB64-181503E01452,1,SS1-0009,Simulated Sensor 9,47.71,-122.17,2016-11-07 13:23:18.029739,603,1.38,NULL
4574,CBA88A15-FDED-4B18-92B4-028357A293B0,1,SS1-0002,Simulated Sensor 2,47.65,-122.30,2016-11-07 13:23:17.725470,603,1.39,NULL
4575,F04663E9-FE34-47E5-9997-2001C06E0508,1,SS1-0004,Simulated Sensor 4,47.71,-122.33,2016-11-07 13:23:17.807601,603,0.39,NULL
4576,007F8643-B10E-4B9B-BE9F-1C424A234629,1,SS1-0006,Simulated Sensor 6,47.60,-122.30,2016-11-07 13:23:17.897584,603,0.82,NULL
4577,8A6F7F28-DC8B-4922-8871-B21E89DEDC47,1,SS1-0008,Simulated Sensor 8,47.61,-122.18,2016-11-07 13:23:17.984530,603,3.16,NULL
4578,7B24ACCA-0542-4EC3-AD8D-8DEF0F89F397,1,SS1-0002,Simulated Sensor 2,47.65,-122.30,2016-11-07 13:23:23.118980,604,0.88,NULL
4579,676B7EA8-17F7-4D8E-BC95-15A1C6817B63,1,SS1-0004,Simulated Sensor 4,47.71,-122.33,2016-11-07 13:23:23.200993,604,1.97,NULL
4580,E1E2B161-F089-4683-B9B7-D847BBF32CC3,1,SS1-0006,Simulated Sensor 6,47.60,-122.30,2016-11-07 13:23:23.286997,604,0.31,NULL
4581,13EC047B-F9A5-4168-A94B-DF5BF5BEB39A,1,SS1-0008,Simulated Sensor 8,47.61,-122.18,2016-11-07 13:23:23.370071,604,3.31,NULL
4582,DE0C6DE2-56D6-435A-AA58-89E49D2FACE1,1,SS1-0001,Simulated Sensor 1,47.66,-122.28,2016-11-07 13:23:23.074980,604,0.76,NULL
4583,21D1EA4B-BD86-4CA8-8CFA-6006A9CE9DC9,1,SS1-0003,Simulated Sensor 3,47.60,-122.32,2016-11-07 13:23:23.158983,604,3.10,NULL
4584,BEE21CDA-BEC5-49B9-AE75-018BC74BE7D3,1,SS1-0005,Simulated Sensor 5,47.66,-122.30,2016-11-07 13:23:23.245996,604,2.09,NULL
4585,FC332D95-5924-419D-8E17-81FECCDD790C,1,SS1-0007,Simulated Sensor 7,47.62,-122.18,2016-11-07 13:23:23.329057,604,2.53,NULL
4586,381BA330-3C1C-4CAE-A13E-C9201C292013,1,SS1-0009,Simulated Sensor 9,47.71,-122.17,2016-11-07 13:23:23.406105,604,1.52,NULL
4587,B749173F-1810-43C6-BBB2-E07E61A98BCD,1,SS1-0001,Simulated Sensor 1,47.66,-122.28,2016-11-07 13:23:28.467523,605,1.68,NULL
4588,C89D7464-FABF-4503-85BF-C819A26B42B4,1,SS1-0002,Simulated Sensor 2,47.65,-122.30,2016-11-07 13:23:28.509689,605,2.46,NULL
4589,D55D25BD-7CC3-4121-B01C-A4DF8E40493F,1,SS1-0003,Simulated Sensor 3,47.60,-122.32,2016-11-07 13:23:28.856563,605,1.32,NULL
4590,579C1DC3-B68D-403D-9487-E9D1C06DFAA1,1,SS1-0005,Simulated Sensor 5,47.66,-122.30,2016-11-07 13:23:28.942620,605,1.75,NULL
4591,4300AB7B-D3DF-4478-AE74-62E44DBD245B,1,SS1-0007,Simulated Sensor 7,47.62,-122.18,2016-11-07 13:23:29.031670,605,0.09,NULL
4592,F21516F2-F699-454D-85E8-5D570494482E,1,SS1-0009,Simulated Sensor 9,47.71,-122.17,2016-11-07 13:23:29.120593,605,3.09,NULL
4593,7A887E43-8D7B-4E10-A906-6AB1EC4BD046,1,SS1-0004,Simulated Sensor 4,47.71,-122.33,2016-11-07 13:23:28.899610,605,3.53,NULL
4594,A5831F28-A76E-4B18-8162-1B37FFAB1DF1,1,SS1-0006,Simulated Sensor 6,47.60,-122.30,2016-11-07 13:23:28.989581,605,1.88,NULL
4595,D689EB38-E0BE-479C-8391-6FCB24849D12,1,SS1-0008,Simulated Sensor 8,47.61,-122.18,2016-11-07 13:23:29.070591,605,2.96,NULL
4596,D5A6BD01-015F-429C-8410-07DDECEC0C78,1,SS1-0002,Simulated Sensor 2,47.65,-122.30,2016-11-07 13:23:34.250119,606,2.24,NULL
4597,D70187D8-74B8-4761-BC1C-4950BAFE0690,1,SS1-0004,Simulated Sensor 4,47.71,-122.33,2016-11-07 13:23:34.361131,606,2.02,NULL
4598,57D4EA27-0627-41EC-A30F-B346DF8EA71A,1,SS1-0006,Simulated Sensor 6,47.60,-122.30,2016-11-07 13:23:34.465139,606,2.45,NULL
4599,707D74D9-E34C-4A0B-A47C-A92BDB77B088,1,SS1-0001,Simulated Sensor 1,47.66,-122.28,2016-11-07 13:23:34.201114,606,0.68,NULL
4600,FB5007E6-55E2-47D1-BF7B-1B9C16BF1F1C,1,SS1-0008,Simulated Sensor 8,47.61,-122.18,2016-11-07 13:23:34.616156,606,0.45,NULL
4601,A0F6AE94-5ADF-4D6D-9ECB-4FD20FAE9CD1,1,SS1-0003,Simulated Sensor 3,47.60,-122.32,2016-11-07 13:23:34.303128,606,0.46,NULL
4602,EAA4E87C-920E-43F0-8DFE-25970EEC15F4,1,SS1-0005,Simulated Sensor 5,47.66,-122.30,2016-11-07 13:23:34.414188,606,0.24,NULL
4603,91B12C8D-08C2-4D0A-B9BA-E09C981A9AD3,1,SS1-0007,Simulated Sensor 7,47.62,-122.18,2016-11-07 13:23:34.540149,606,1.45,NULL
4604,7A14BF17-BEF0-472D-8E15-C602A46B24E3,1,SS1-0009,Simulated Sensor 9,47.71,-122.17,2016-11-07 13:23:34.673161,606,0.10,NULL
4605,15EB16CA-B084-40AB-8D79-71EC6E105D36,1,SS1-0001,Simulated Sensor 1,47.66,-122.28,2016-11-07 13:23:40.150975,607,0.67,NULL
4606,CF67AA5B-5FA9-4D4F-86B7-68E8DABBDB89,1,SS1-0003,Simulated Sensor 3,47.60,-122.32,2016-11-07 13:23:40.246972,607,3.02,NULL
4607,C5091865-F9A5-40DE-B35B-2EEF0EE987BC,1,SS1-0005,Simulated Sensor 5,47.66,-122.30,2016-11-07 13:23:40.330746,607,3.45,NULL
4608,90054232-0225-4131-AF37-09DF92E26967,1,SS1-0007,Simulated Sensor 7,47.62,-122.18,2016-11-07 13:23:40.417852,607,2.44,NULL
4609,08D62491-487A-48A0-B87B-329FA4D57E5E,1,SS1-0002,Simulated Sensor 2,47.65,-122.30,2016-11-07 13:23:40.196742,607,2.89,NULL
4610,D1D98592-0635-49B9-942E-27DBE82C0679,1,SS1-0009,Simulated Sensor 9,47.71,-122.17,2016-11-07 13:23:40.541763,607,3.66,NULL
4611,3C0515B0-0FD5-4A1F-B508-90E8917871D3,1,SS1-0004,Simulated Sensor 4,47.71,-122.33,2016-11-07 13:23:40.288938,607,1.23,NULL
4612,D36F8554-ACAF-4594-8AFF-F9DB01467E17,1,SS1-0006,Simulated Sensor 6,47.60,-122.30,2016-11-07 13:23:40.376750,607,1.66,NULL
4613,E8B50F52-F00A-477C-AE3B-135E747AD620,1,SS1-0008,Simulated Sensor 8,47.61,-122.18,2016-11-07 13:23:40.476902,607,2.10,NULL
4614,EE04C11F-3D98-43C5-B8B2-B81AB87454E7,1,SS1-0002,Simulated Sensor 2,47.65,-122.30,2016-11-07 13:23:45.681384,608,2.81,NULL
4615,24F1B871-EDE1-4CDA-9EF6-9A9C7DC11E3B,1,SS1-0004,Simulated Sensor 4,47.71,-122.33,2016-11-07 13:23:45.925313,608,1.24,NULL
4616,EAA28390-1C91-4F85-B877-A4BED74A6229,1,SS1-0001,Simulated Sensor 1,47.66,-122.28,2016-11-07 13:23:45.634282,608,0.60,NULL
4617,7BE88D64-C5E3-4DE5-9A9A-12A9A4DB7791,1,SS1-0006,Simulated Sensor 6,47.60,-122.30,2016-11-07 13:23:46.025329,608,1.67,NULL
4618,EFAE95E7-3A99-4FB4-A210-86DACEA6AFF5,1,SS1-0008,Simulated Sensor 8,47.61,-122.18,2016-11-07 13:23:46.110336,608,0.01,NULL
4619,B4C8A55B-ECD2-42A2-9187-74CE154FC90D,1,SS1-0003,Simulated Sensor 3,47.60,-122.32,2016-11-07 13:23:45.820303,608,1.46,NULL
4620,E7A3AFF8-EB35-4F31-BEF2-E20A1E68EC74,1,SS1-0005,Simulated Sensor 5,47.66,-122.30,2016-11-07 13:23:45.979330,608,3.45,NULL
4621,98180CA1-DB85-4657-9517-BA24CDA92463,1,SS1-0007,Simulated Sensor 7,47.62,-122.18,2016-11-07 13:23:46.065392,608,3.88,NULL
4622,A6B41885-DA75-41C5-A077-8BA95653D471,1,SS1-0009,Simulated Sensor 9,47.71,-122.17,2016-11-07 13:23:46.161608,608,2.23,NULL
4623,8B1E0AF4-E2EB-4D1D-BAE3-8110DDF8CBE4,1,SS1-0001,Simulated Sensor 1,47.66,-122.28,2016-11-07 13:23:51.220878,609,2.38,NULL
4624,305EAD30-CC44-40F1-9C15-DFBEAFF15B4A,1,SS1-0003,Simulated Sensor 3,47.60,-122.32,2016-11-07 13:23:51.300867,609,1.38,NULL
4625,FB4BF4FC-FDD5-4199-BA51-B26A258BEAE8,1,SS1-0005,Simulated Sensor 5,47.66,-122.30,2016-11-07 13:23:51.382877,609,0.38,NULL
4626,4565ED29-EFD4-4604-9250-BF2802A8438D,1,SS1-0007,Simulated Sensor 7,47.62,-122.18,2016-11-07 13:23:51.466884,609,3.37,NULL
4627,7DD41125-D5C3-43DC-9DF8-091993A66742,1,SS1-0009,Simulated Sensor 9,47.71,-122.17,2016-11-07 13:23:51.555894,609,3.81,NULL
4628,6F7E08DB-5AE6-434E-A98C-94B0FF2F5CA5,1,SS1-0002,Simulated Sensor 2,47.65,-122.30,2016-11-07 13:23:51.265865,609,0.60,NULL
4629,2A78A012-AEA2-4198-B6AF-A91971F83165,1,SS1-0004,Simulated Sensor 4,47.71,-122.33,2016-11-07 13:23:51.336879,609,2.16,NULL
4630,35C32413-48E9-4D1A-8B7D-34B48D6ED734,1,SS1-0006,Simulated Sensor 6,47.60,-122.30,2016-11-07 13:23:51.427056,609,2.59,NULL
4631,83928AB8-7E18-42E1-A7D5-835096DE7BE8,1,SS1-0008,Simulated Sensor 8,47.61,-122.18,2016-11-07 13:23:51.506903,609,1.59,NULL
4632,519DC355-7740-4A2D-8230-A77FBE7D0B57,1,SS1-0002,Simulated Sensor 2,47.65,-122.30,2016-11-07 13:23:56.655436,610,0.74,NULL
4633,F928690E-1E10-4A79-8C95-946121E8266C,1,SS1-0004,Simulated Sensor 4,47.71,-122.33,2016-11-07 13:23:56.737423,610,3.09,NULL
4634,C31BC5F6-CA88-4F03-8F9B-FEDD7BF27723,1,SS1-0006,Simulated Sensor 6,47.60,-122.30,2016-11-07 13:23:56.841437,610,3.52,NULL
4635,FBC67BFF-16B5-4DEB-AF50-8F37AE761A7B,1,SS1-0001,Simulated Sensor 1,47.66,-122.28,2016-11-07 13:23:56.611668,610,1.87,NULL
4636,B66B83BB-5094-48CD-A0A8-A14A46F7DB4A,1,SS1-0008,Simulated Sensor 8,47.61,-122.18,2016-11-07 13:23:56.942446,610,1.39,NULL
4637,144524A6-5F4B-4383-B528-33DAC84CD256,1,SS1-0003,Simulated Sensor 3,47.60,-122.32,2016-11-07 13:23:56.696535,610,2.96,NULL
4638,7A7284B3-D3CE-4556-A732-9891341F408B,1,SS1-0005,Simulated Sensor 5,47.66,-122.30,2016-11-07 13:23:56.777684,610,1.96,NULL
4639,05CCB4D9-7F52-48E4-9914-B4550D4C393B,1,SS1-0007,Simulated Sensor 7,47.62,-122.18,2016-11-07 13:23:56.888681,610,1.73,NULL
4640,9091950B-8424-4878-86B0-726690E26607,1,SS1-0009,Simulated Sensor 9,47.71,-122.17,2016-11-07 13:23:56.985448,610,1.51,NULL
4641,73FFC31F-471E-4527-B002-93A898D77EAF,1,SS1-0001,Simulated Sensor 1,47.66,-122.28,2016-11-07 13:24:02.044206,611,0.23,NULL
4642,C7D7B44C-5E36-4E06-87FA-64075C815565,1,SS1-0003,Simulated Sensor 3,47.60,-122.32,2016-11-07 13:24:02.129977,611,0.67,NULL
4643,FDED3F26-0448-4F94-B24F-56E0444435D4,1,SS1-0005,Simulated Sensor 5,47.66,-122.30,2016-11-07 13:24:02.208983,611,3.66,NULL
4644,CC5D8C6B-4D74-476C-9236-BA909DB12BD2,1,SS1-0007,Simulated Sensor 7,47.62,-122.18,2016-11-07 13:24:02.309022,611,0.09,NULL
4645,02773203-9EEC-4376-A8C2-E7CC35305B29,1,SS1-0002,Simulated Sensor 2,47.65,-122.30,2016-11-07 13:24:02.085973,611,2.45,NULL
4646,3FAA7C8F-F52C-4B54-AE6B-F3F3556CC87F,1,SS1-0009,Simulated Sensor 9,47.71,-122.17,2016-11-07 13:24:02.400007,611,0.53,NULL
4647,FCA25ABA-DAF1-47BF-B61C-8748506E2249,1,SS1-0004,Simulated Sensor 4,47.71,-122.33,2016-11-07 13:24:02.170198,611,1.45,NULL
4648,7EF01135-3FB1-44E1-A385-D58FA02E2154,1,SS1-0006,Simulated Sensor 6,47.60,-122.30,2016-11-07 13:24:02.266229,611,3.31,NULL
4649,4B6C70F4-2969-4A7D-9AB2-048A197054C2,1,SS1-0008,Simulated Sensor 8,47.61,-122.18,2016-11-07 13:24:02.354098,611,2.31,NULL
4650,BD5FC7BB-8B48-4B61-80EA-2923210BDF78,1,SS1-0002,Simulated Sensor 2,47.65,-122.30,2016-11-07 13:24:07.497744,612,3.38,NULL
4651,C936D064-6FCB-4D4B-850A-C7B78B3EA328,1,SS1-0004,Simulated Sensor 4,47.71,-122.33,2016-11-07 13:24:07.568533,612,0.46,NULL
4652,17E38926-DEE2-4612-A6F2-9E2D9CF6D70D,1,SS1-0006,Simulated Sensor 6,47.60,-122.30,2016-11-07 13:24:07.649559,612,3.46,NULL
4653,303443D1-1FBF-458B-9BC8-41F73A476310,1,SS1-0008,Simulated Sensor 8,47.61,-122.18,2016-11-07 13:24:07.718661,612,1.02,NULL
4654,73CECEB6-32E7-4412-AFAF-C4CBEB67A11C,1,SS1-0001,Simulated Sensor 1,47.66,-122.28,2016-11-07 13:24:07.454792,612,2.59,NULL
4655,BC2F0CBF-E301-4F1C-9A92-4C4E52222CBC,1,SS1-0003,Simulated Sensor 3,47.60,-122.32,2016-11-07 13:24:07.533530,612,1.59,NULL
4656,CCF106A4-DA0E-4344-B170-2355BDA69341,1,SS1-0005,Simulated Sensor 5,47.66,-122.30,2016-11-07 13:24:07.613539,612,0.59,NULL
4657,B9259951-20E9-419C-A05B-27FC1AB3EF37,1,SS1-0007,Simulated Sensor 7,47.62,-122.18,2016-11-07 13:24:07.682787,612,0.24,NULL
4658,0F6D5215-7FC5-4107-8884-76931B0D8316,1,SS1-0009,Simulated Sensor 9,47.71,-122.17,2016-11-07 13:24:07.753551,612,3.24,NULL
4659,2471452B-762C-4B08-A613-07F0D3841215,1,SS1-0001,Simulated Sensor 1,47.66,-122.28,2016-11-07 13:48:07.249103,613,2.63,NULL
4660,DA46F8E9-DCB2-4E53-98EB-206092CD2FA6,1,SS1-0003,Simulated Sensor 3,47.60,-122.32,2016-11-07 13:48:09.583334,613,3.46,NULL
4661,41A53988-0B2E-4EB8-986D-9A1FE0C565D7,1,SS1-0002,Simulated Sensor 2,47.65,-122.30,2016-11-07 13:48:09.464319,613,1.59,NULL
4662,613A952E-E7BD-4337-AD06-590169EF6D06,1,SS1-0005,Simulated Sensor 5,47.66,-122.30,2016-11-07 13:48:09.715406,613,0.02,NULL
4663,9E8CACF1-2D17-4E3F-96EC-1F2F51DB43B0,1,SS1-0004,Simulated Sensor 4,47.71,-122.33,2016-11-07 13:48:09.626459,613,1.67,NULL
4664,E5127E4A-7C74-4603-8D49-E77921AB7AD5,1,SS1-0007,Simulated Sensor 7,47.62,-122.18,2016-11-07 13:48:09.816481,613,0.45,NULL
4665,166D3621-95CB-4CFC-9541-D2197D6177D6,1,SS1-0006,Simulated Sensor 6,47.60,-122.30,2016-11-07 13:48:09.752354,613,2.89,NULL
4666,87E47141-8D68-49A6-AB22-7DA3D85D1718,1,SS1-0009,Simulated Sensor 9,47.71,-122.17,2016-11-07 13:48:09.922365,613,0.23,NULL
4667,708D750B-57A1-4F00-957F-9CAA17140FE7,1,SS1-0008,Simulated Sensor 8,47.61,-122.18,2016-11-07 13:48:09.863384,613,2.66,NULL
4668,7D2F75B4-43F8-4DD8-B383-5B5F86093097,1,SS1-0002,Simulated Sensor 2,47.65,-122.30,2016-11-07 13:48:15.100858,614,0.16,NULL
4669,0537EB90-CD80-49A5-8D98-C75ACFF4F536,1,SS1-0001,Simulated Sensor 1,47.66,-122.28,2016-11-07 13:48:15.007849,614,1.82,NULL
4670,779F6A90-6F71-470F-9C66-193139381752,1,SS1-0004,Simulated Sensor 4,47.71,-122.33,2016-11-07 13:48:15.222962,614,1.37,NULL
4671,59957DC4-B130-49F0-B546-430192D72310,1,SS1-0003,Simulated Sensor 3,47.60,-122.32,2016-11-07 13:48:15.157945,614,3.81,NULL
4672,C569A162-7273-42A0-98D3-1E3FD996D2E5,1,SS1-0006,Simulated Sensor 6,47.60,-122.30,2016-11-07 13:48:15.316885,614,1.81,NULL
4673,552EF43B-DA11-4667-87BB-F84CB24AC457,1,SS1-0005,Simulated Sensor 5,47.66,-122.30,2016-11-07 13:48:15.260119,614,0.24,NULL
4674,AA008ECB-2478-480B-A2B0-6544E532AF53,1,SS1-0008,Simulated Sensor 8,47.61,-122.18,2016-11-07 13:48:15.458898,614,0.45,NULL
4675,5DF67390-7440-4DA5-A7C5-ABBF221933DD,1,SS1-0007,Simulated Sensor 7,47.62,-122.18,2016-11-07 13:48:15.377886,614,1.46,NULL
4676,C85EB330-C2F2-4765-A376-AEA9FFBA5B4B,1,SS1-0009,Simulated Sensor 9,47.71,-122.17,2016-11-07 13:48:15.500902,614,2.67,NULL
4677,183BF48D-72D5-49F4-808D-734081944EB6,1,SS1-0001,Simulated Sensor 1,47.66,-122.28,2016-11-07 13:48:20.595588,615,1.52,NULL
4678,AFCD887B-0F51-4D9D-A504-349F4A0966C5,1,SS1-0003,Simulated Sensor 3,47.60,-122.32,2016-11-07 13:48:20.715585,615,2.73,NULL
4679,7162F7B5-A2D4-4971-BAD7-533AE574D931,1,SS1-0002,Simulated Sensor 2,47.65,-122.30,2016-11-07 13:48:20.638482,615,3.73,NULL
4680,06A8DD9D-CAC4-4830-8B36-14EFA2BB1212,1,SS1-0005,Simulated Sensor 5,47.66,-122.30,2016-11-07 13:48:20.822415,615,3.16,NULL
4681,F398B50C-FD83-4DB3-B73A-B31F8F8FA3BF,1,SS1-0004,Simulated Sensor 4,47.71,-122.33,2016-11-07 13:48:20.757408,615,1.60,NULL
4682,8E8256DA-1755-41B9-B998-16F959150648,1,SS1-0006,Simulated Sensor 6,47.60,-122.30,2016-11-07 13:48:20.915417,615,3.59,NULL
4683,29FB110A-2C4B-4836-8BD1-48DFC3BFA056,1,SS1-0007,Simulated Sensor 7,47.62,-122.18,2016-11-07 13:48:21.029434,615,0.81,NULL
4684,E394CA0B-2929-4F1A-96A0-25E78B1427B1,1,SS1-0009,Simulated Sensor 9,47.71,-122.17,2016-11-07 13:48:21.223457,615,3.58,NULL
4685,B361FDAE-E040-48A0-937E-AC04F54B23B7,1,SS1-0008,Simulated Sensor 8,47.61,-122.18,2016-11-07 13:48:21.117442,615,3.80,NULL
4686,71D56872-CC00-4C7A-B6C1-B46AF1DE7CD8,1,SS1-0001,Simulated Sensor 1,47.66,-122.28,2016-11-07 13:48:26.332193,616,1.95,NULL
4687,B811F893-6A3F-4398-AA79-59FEFF6E950C,1,SS1-0002,Simulated Sensor 2,47.65,-122.30,2016-11-07 13:48:26.485960,616,3.95,NULL
4688,0F5AC5F4-2B16-41FB-9F1F-543D4B64B60C,1,SS1-0004,Simulated Sensor 4,47.71,-122.33,2016-11-07 13:48:26.613973,616,1.16,NULL
4689,D194C764-9EAF-4D48-879A-4EFEF2FD32B5,1,SS1-0003,Simulated Sensor 3,47.60,-122.32,2016-11-07 13:48:26.528182,616,2.16,NULL
4690,C9C04DD3-82F8-42DA-BBAC-FBDDD4F7C22D,1,SS1-0006,Simulated Sensor 6,47.60,-122.30,2016-11-07 13:48:26.730983,616,2.37,NULL
4691,7BA71EA6-AFF9-465A-9BFB-7431FFB05E59,1,SS1-0005,Simulated Sensor 5,47.66,-122.30,2016-11-07 13:48:26.655976,616,3.38,NULL
4692,A69B5851-AC66-4F2E-BDE1-059F4C95BBF1,1,SS1-0008,Simulated Sensor 8,47.61,-122.18,2016-11-07 13:48:26.814993,616,1.37,NULL
4693,A74730EF-DF04-442E-BA36-33E70B67D76E,1,SS1-0007,Simulated Sensor 7,47.62,-122.18,2016-11-07 13:48:26.775986,616,3.15,NULL
4694,3399ED97-7A94-4750-8B0C-00F7B88F77F8,1,SS1-0009,Simulated Sensor 9,47.71,-122.17,2016-11-07 13:48:26.888992,616,0.37,NULL
4695,BC8586C2-0583-4967-A454-30FC7EBFE38E,1,SS1-0001,Simulated Sensor 1,47.66,-122.28,2016-11-07 13:48:32.066731,617,0.30,NULL
4696,BE782BA6-5ABB-459F-B70F-A4034BB8F020,1,SS1-0002,Simulated Sensor 2,47.65,-122.30,2016-11-07 13:48:32.651551,617,0.15,NULL
4697,563507CA-B138-4A61-A63A-816ADFDBF83D,1,SS1-0003,Simulated Sensor 3,47.60,-122.32,2016-11-07 13:48:32.860585,617,1.79,NULL
4698,EDFD9C24-9D12-47FD-9539-D0C5A45EECBC,1,SS1-0004,Simulated Sensor 4,47.71,-122.33,2016-11-07 13:48:32.930575,617,3.35,NULL
4699,FE5EE7F1-C671-4E17-A60E-BF467E71AD4A,1,SS1-0005,Simulated Sensor 5,47.66,-122.30,2016-11-07 13:48:33.084591,617,3.44,NULL
4700,DA69D657-3095-455C-B82D-7A4539431429,1,SS1-0007,Simulated Sensor 7,47.62,-122.18,2016-11-07 13:48:33.220700,617,4.00,NULL
4701,251491F9-AF12-4BD1-A9F6-93EA45C48C32,1,SS1-0006,Simulated Sensor 6,47.60,-122.30,2016-11-07 13:48:33.123598,617,1.65,NULL
4702,4F9B4709-30CD-424B-8F86-271C4675EAA3,1,SS1-0009,Simulated Sensor 9,47.71,-122.17,2016-11-07 13:48:33.377818,617,0.08,NULL
4703,82B1FB02-A893-4385-99DB-2687CC0FE56B,1,SS1-0008,Simulated Sensor 8,47.61,-122.18,2016-11-07 13:48:33.265611,617,2.21,NULL
4704,41C60ED2-37B2-4EDB-9777-1728291B1AEF,1,SS1-0002,Simulated Sensor 2,47.65,-122.30,2016-11-07 13:48:38.516390,618,1.14,NULL
4705,789390C5-2D1A-45F5-A444-A31F9DF7B3DB,1,SS1-0001,Simulated Sensor 1,47.66,-122.28,2016-11-07 13:48:38.430324,618,0.71,NULL
4706,C6ED5F88-A760-4590-BD0E-16EB31F1890C,1,SS1-0004,Simulated Sensor 4,47.71,-122.33,2016-11-07 13:48:38.618268,618,1.58,NULL
4707,6E533685-FF4A-43D8-9F8D-C9F4099E2DE1,1,SS1-0003,Simulated Sensor 3,47.60,-122.32,2016-11-07 13:48:38.563117,618,3.36,NULL
4708,D83F74D2-F739-4805-BADC-80955191674D,1,SS1-0006,Simulated Sensor 6,47.60,-122.30,2016-11-07 13:48:38.723366,618,1.35,NULL
4709,59D41928-7180-4505-A3AB-1A719E140EAC,1,SS1-0005,Simulated Sensor 5,47.66,-122.30,2016-11-07 13:48:38.650360,618,2.36,NULL
4710,EE0B6364-1129-491C-839E-03BEB68E2B13,1,SS1-0008,Simulated Sensor 8,47.61,-122.18,2016-11-07 13:48:38.918367,618,1.56,NULL
4711,65B09365-1AC0-40B8-BE46-F4E4D0A6F0D1,1,SS1-0007,Simulated Sensor 7,47.62,-122.18,2016-11-07 13:48:38.783286,618,1.00,NULL
4712,C188A791-8145-421B-9537-C246B2DCFCE8,1,SS1-0009,Simulated Sensor 9,47.71,-122.17,2016-11-07 13:48:38.955159,618,0.43,NULL
4713,DDF66AB9-AF48-4F0C-8590-F46711B5DD9B,1,SS1-0001,Simulated Sensor 1,47.66,-122.28,2016-11-07 13:48:44.028642,619,3.94,NULL
4714,484B8F26-66F0-4E92-8884-777985A04376,1,SS1-0002,Simulated Sensor 2,47.65,-122.30,2016-11-07 13:48:44.082648,619,2.15,NULL
4715,D5DF8880-7ABA-4C32-9FFE-F7D7302675CC,1,SS1-0003,Simulated Sensor 3,47.60,-122.32,2016-11-07 13:48:44.216660,619,2.71,NULL
4716,129B00E0-DC7E-493E-998C-C609D25FFCBC,1,SS1-0004,Simulated Sensor 4,47.71,-122.33,2016-11-07 13:48:44.497685,619,0.01,NULL
4717,4827EAF9-8348-459E-9DA4-60C0AA737893,1,SS1-0005,Simulated Sensor 5,47.66,-122.30,2016-11-07 13:48:44.659701,619,2.00,NULL
4718,9FA9E8E5-5A5A-497F-9D21-D8599BBE6B4A,1,SS1-0006,Simulated Sensor 6,47.60,-122.30,2016-11-07 13:48:45.016736,619,0.20,NULL
4719,12B5CBF8-F99C-4FBA-AD80-B5556F44C910,1,SS1-0007,Simulated Sensor 7,47.62,-122.18,2016-11-07 13:48:45.163749,619,2.85,NULL
4720,DFA2DA82-1E8C-4BD2-BFAD-0725356473EB,1,SS1-0009,Simulated Sensor 9,47.71,-122.17,2016-11-07 13:48:45.417775,619,1.27,NULL
4721,50AFADBE-919B-4A59-83B8-BABB559184B2,1,SS1-0008,Simulated Sensor 8,47.61,-122.18,2016-11-07 13:48:45.286762,619,0.06,NULL
4722,8F5CCCF7-0F5C-4E79-BB78-729919DF2334,1,SS1-0002,Simulated Sensor 2,47.65,-122.30,2016-11-07 13:48:50.509326,620,2.21,NULL
4723,06F4FC61-4B60-480B-8A8E-D9DD1168E600,1,SS1-0001,Simulated Sensor 1,47.66,-122.28,2016-11-07 13:48:50.469263,620,3.34,NULL
4724,EFB60509-80A4-49B6-97D8-05F6223A8721,1,SS1-0004,Simulated Sensor 4,47.71,-122.33,2016-11-07 13:48:50.615272,620,1.99,NULL
4725,E01A1BB3-FD25-4FC0-9033-5BE5ED159AC8,1,SS1-0003,Simulated Sensor 3,47.60,-122.32,2016-11-07 13:48:50.561344,620,3.77,NULL
4726,B22F4419-5A69-4161-950E-E9E89B31570B,1,SS1-0006,Simulated Sensor 6,47.60,-122.30,2016-11-07 13:48:50.764454,620,3.98,NULL
4727,157B2DCD-F9BE-407B-BE21-A95F6908B1EA,1,SS1-0005,Simulated Sensor 5,47.66,-122.30,2016-11-07 13:48:50.665606,620,0.21,NULL
4728,9E0C62E3-5644-4C31-B69A-1EDA9621B3E1,1,SS1-0008,Simulated Sensor 8,47.61,-122.18,2016-11-07 13:48:50.917309,620,2.63,NULL
4729,82B6A431-3B9B-4781-BA29-4A70BD068CC2,1,SS1-0007,Simulated Sensor 7,47.62,-122.18,2016-11-07 13:48:50.806495,620,0.76,NULL
4730,C34E8ED4-9430-49AC-94D8-B2B56D1432B4,1,SS1-0009,Simulated Sensor 9,47.71,-122.17,2016-11-07 13:48:50.956317,620,0.85,NULL
4731,922DB55E-693A-42F8-AAD3-2945229E7EDC,1,SS1-0001,Simulated Sensor 1,47.66,-122.28,2016-11-07 13:48:56.024045,621,2.92,NULL
4732,A5A56983-5195-4FD5-927C-87C4CE934FF8,1,SS1-0003,Simulated Sensor 3,47.60,-122.32,2016-11-07 13:48:56.114884,621,3.35,NULL
4733,F22E01C2-C77F-46A1-A335-B51AB89C5E9B,1,SS1-0002,Simulated Sensor 2,47.65,-122.30,2016-11-07 13:48:56.061065,621,1.13,NULL
4734,DC0BA39D-77A7-4CBC-B34F-D15AD9A24348,1,SS1-0005,Simulated Sensor 5,47.66,-122.30,2016-11-07 13:48:56.214854,621,3.78,NULL
4735,DEFF0F63-8650-4A90-892C-B55968347455,1,SS1-0004,Simulated Sensor 4,47.71,-122.33,2016-11-07 13:48:56.151940,621,0.13,NULL
4736,12B2C5ED-F6EA-4A05-85E3-1CEEE8A6505D,1,SS1-0007,Simulated Sensor 7,47.62,-122.18,2016-11-07 13:48:56.314864,621,3.56,NULL
4737,8F7ADCD4-46D7-472E-8B15-F611D328AE28,1,SS1-0006,Simulated Sensor 6,47.60,-122.30,2016-11-07 13:48:56.250067,621,2.00,NULL
4738,7EB93F7F-819E-4E99-8DBD-0072300B4386,1,SS1-0009,Simulated Sensor 9,47.71,-122.17,2016-11-07 13:48:56.422838,621,3.33,NULL
4739,51AA6F55-99AC-47CB-81BB-FBCD680371AF,1,SS1-0008,Simulated Sensor 8,47.61,-122.18,2016-11-07 13:48:56.352907,621,0.34,NULL
4740,4B1C910C-0FCC-401D-86D6-E4CF01891A90,1,SS1-0002,Simulated Sensor 2,47.65,-122.30,2016-11-07 13:49:01.631508,622,2.14,NULL
4741,1926BAD0-A24F-4200-8170-5C4EA8CBB5B6,1,SS1-0001,Simulated Sensor 1,47.66,-122.28,2016-11-07 13:49:01.464456,622,2.71,NULL
4742,DDBD826B-8C61-4007-B9DA-4C2CA331A8C1,1,SS1-0004,Simulated Sensor 4,47.71,-122.33,2016-11-07 13:49:01.729415,622,0.48,NULL
4743,7882132A-36FD-4E55-A399-4F979946FB9B,1,SS1-0003,Simulated Sensor 3,47.60,-122.32,2016-11-07 13:49:01.673602,622,2.27,NULL
4744,C4E5F3CE-3E19-41AF-801A-3B43B0B308F9,1,SS1-0005,Simulated Sensor 5,47.66,-122.30,2016-11-07 13:49:01.778480,622,0.13,NULL
4745,C512E2AA-4B82-477C-B581-41D29346AF7B,1,SS1-0006,Simulated Sensor 6,47.60,-122.30,2016-11-07 13:49:01.926389,622,0.69,NULL
4746,CF991DF6-DE24-407D-8257-8B4713AE9C61,1,SS1-0008,Simulated Sensor 8,47.61,-122.18,2016-11-07 13:49:02.118628,622,1.55,NULL
4747,77573B4B-97F7-4D50-B709-F7BBA72E05CE,1,SS1-0007,Simulated Sensor 7,47.62,-122.18,2016-11-07 13:49:02.003545,622,1.78,NULL
4748,C1E93DC4-DC91-4241-BD61-FC5F9D548555,1,SS1-0009,Simulated Sensor 9,47.71,-122.17,2016-11-07 13:49:02.186391,622,0.55,NULL
4749,F150A697-3BC3-4D45-BBC9-0AE94822D9EC,1,SS1-0001,Simulated Sensor 1,47.66,-122.28,2016-11-07 13:49:07.333690,623,3.71,NULL
4750,0C4E3258-D46F-4188-95B3-19C499098C3F,1,SS1-0002,Simulated Sensor 2,47.65,-122.30,2016-11-07 13:49:08.359587,623,2.19,NULL
4751,6D05E063-8222-4559-AE9D-7A16676337EC,1,SS1-0003,Simulated Sensor 3,47.60,-122.32,2016-11-07 13:49:09.354738,623,2.45,NULL
4752,AA60FA7B-F383-4B30-A0A1-E1CB185A6997,1,SS1-0005,Simulated Sensor 5,47.66,-122.30,2016-11-07 13:49:09.467696,623,3.67,NULL
4753,BF33D34A-5631-417E-A237-78648B172B6C,1,SS1-0004,Simulated Sensor 4,47.71,-122.33,2016-11-07 13:49:09.413689,623,2.10,NULL
4754,978D5037-908E-4837-B818-A32C32D5DBA1,1,SS1-0007,Simulated Sensor 7,47.62,-122.18,2016-11-07 13:49:09.577706,623,1.53,NULL
4755,2904E1EA-5140-437D-8F3E-7A35F7F91075,1,SS1-0006,Simulated Sensor 6,47.60,-122.30,2016-11-07 13:49:09.523729,623,1.88,NULL
4756,E580B858-534B-414C-A642-8B4F9D18B5E3,1,SS1-0009,Simulated Sensor 9,47.71,-122.17,2016-11-07 13:49:09.670778,623,3.88,NULL
4757,B841223F-FB64-4353-BAEB-687EB23DD927,1,SS1-0008,Simulated Sensor 8,47.61,-122.18,2016-11-07 13:49:09.616978,623,2.31,NULL
4758,A6884304-8241-4280-83EA-74F8018971B8,1,SS1-0001,Simulated Sensor 1,47.66,-122.28,2016-11-07 13:49:14.721439,624,2.60,NULL
4759,0290B1A2-8899-4C35-A108-2A7EE4D30DD0,1,SS1-0002,Simulated Sensor 2,47.65,-122.30,2016-11-07 14:21:53.274537,624,1.73,NULL
4760,01897135-6822-4069-B89F-DDC4945FC756,1,SS1-0004,Simulated Sensor 4,47.71,-122.33,2016-11-07 14:21:53.403574,624,0.38,NULL
4761,4F3E4D2D-6858-4594-8C65-D1D5F1739E22,1,SS1-0006,Simulated Sensor 6,47.60,-122.30,2016-11-07 14:21:53.500779,624,2.72,NULL
4762,65EFFFC1-26D8-4938-9CC3-317D086DC22E,1,SS1-0008,Simulated Sensor 8,47.61,-122.18,2016-11-07 14:21:53.614575,624,0.59,NULL
4763,331FAE7C-C6E2-4F82-9852-B25C51494903,1,SS1-0001,Simulated Sensor 1,47.66,-122.28,2016-11-07 14:21:51.439351,624,1.75,NULL
4764,C13D80FD-E909-469E-8927-1720C7C359D1,1,SS1-0003,Simulated Sensor 3,47.60,-122.32,2016-11-07 14:21:53.363549,624,2.16,NULL
4765,D4E8FEED-05FD-4DE9-A0D1-0782024AC00D,1,SS1-0005,Simulated Sensor 5,47.66,-122.30,2016-11-07 14:21:53.448713,624,1.16,NULL
4766,083CA50E-F47F-4960-85C0-E7ED95DCF393,1,SS1-0007,Simulated Sensor 7,47.62,-122.18,2016-11-07 14:21:53.566619,624,2.37,NULL
4767,9411F693-3ABC-48E0-B832-0248610624F2,1,SS1-0009,Simulated Sensor 9,47.71,-122.17,2016-11-07 14:21:53.656589,624,2.80,NULL
4768,62C08815-AA01-4F05-8A9A-12A57EA8D0E4,1,SS1-0001,Simulated Sensor 1,47.66,-122.28,2016-11-07 14:21:58.714351,625,1.52,NULL
4769,3A725405-CE39-430E-9F11-5E56C43585B8,1,SS1-0003,Simulated Sensor 3,47.60,-122.32,2016-11-07 14:21:58.804282,625,3.87,NULL
4770,2A3499ED-A39B-48C7-9D4A-BB412FE4F3D6,1,SS1-0005,Simulated Sensor 5,47.66,-122.30,2016-11-07 14:21:58.884116,625,2.86,NULL
4771,5355F94F-52B7-4663-B005-BD1089F82504,1,SS1-0007,Simulated Sensor 7,47.62,-122.18,2016-11-07 14:21:58.969117,625,3.29,NULL
4772,23DB00D9-9F3E-4B39-A58E-AB8379A8453D,1,SS1-0009,Simulated Sensor 9,47.71,-122.17,2016-11-07 14:21:59.062350,625,3.73,NULL
4773,5DBFD15B-D248-4E4E-A1F6-85EF249764D5,1,SS1-0002,Simulated Sensor 2,47.65,-122.30,2016-11-07 14:21:58.755346,625,1.65,NULL
4774,8B08F6C8-59BC-42A2-9D64-9E533DB3E056,1,SS1-0004,Simulated Sensor 4,47.71,-122.33,2016-11-07 14:21:58.846223,625,2.08,NULL
4775,9238052D-7B1C-4309-92D9-1292F0006786,1,SS1-0006,Simulated Sensor 6,47.60,-122.30,2016-11-07 14:21:58.926357,625,1.08,NULL
4776,1893E71D-01BF-4459-8686-B16C79B310FF,1,SS1-0008,Simulated Sensor 8,47.61,-122.18,2016-11-07 14:21:59.018241,625,1.51,NULL
4777,B2A1802F-D6F9-40BD-8D95-EFCC525BA312,1,SS1-0002,Simulated Sensor 2,47.65,-122.30,2016-11-07 14:22:04.173856,626,0.01,NULL
4778,0727CA9A-4FE1-489D-A382-7A4016452878,1,SS1-0004,Simulated Sensor 4,47.71,-122.33,2016-11-07 14:22:04.246883,626,3.66,NULL
4779,D27AF6A9-6BFD-447E-AD9F-A6DDE15E2993,1,SS1-0006,Simulated Sensor 6,47.60,-122.30,2016-11-07 14:22:04.341762,626,3.44,NULL
4780,ABAAA082-0271-4966-B782-C31ED43F8092,1,SS1-0008,Simulated Sensor 8,47.61,-122.18,2016-11-07 14:22:04.420744,626,2.44,NULL
4781,1C1BF7CE-E49E-4B80-8CF8-96DDC1AC1C44,1,SS1-0001,Simulated Sensor 1,47.66,-122.28,2016-11-07 14:22:04.110904,626,2.45,NULL
4782,8AD37E53-6C07-4B5C-B9C9-27F344021D8A,1,SS1-0003,Simulated Sensor 3,47.60,-122.32,2016-11-07 14:22:04.215788,626,2.88,NULL
4783,1FF48669-8BA5-48DE-8B5C-FC965F54850E,1,SS1-0005,Simulated Sensor 5,47.66,-122.30,2016-11-07 14:22:04.300674,626,1.22,NULL
4784,2E7921E7-21B4-43E7-B101-51C571EF8764,1,SS1-0007,Simulated Sensor 7,47.62,-122.18,2016-11-07 14:22:04.376678,626,0.22,NULL
4785,55E4F695-D965-4834-B18D-ACC429CF9C00,1,SS1-0009,Simulated Sensor 9,47.71,-122.17,2016-11-07 14:22:04.455861,626,1.31,NULL
4786,BA3EC855-23D2-4E05-B679-81017961F9BD,1,SS1-0001,Simulated Sensor 1,47.66,-122.28,2016-11-07 14:22:09.516407,627,3.37,NULL
4787,2B2A5993-1CD8-4845-9A7A-322294536DF8,1,SS1-0003,Simulated Sensor 3,47.60,-122.32,2016-11-07 14:22:09.628213,627,3.15,NULL
4788,226DA4C4-15A4-4A6F-944A-880DFD10EFD0,1,SS1-0005,Simulated Sensor 5,47.66,-122.30,2016-11-07 14:22:09.711223,627,0.24,NULL
4789,17E659DC-EFC0-4D8A-A75F-D22BB01F65B6,1,SS1-0007,Simulated Sensor 7,47.62,-122.18,2016-11-07 14:22:09.904475,627,0.45,NULL
4790,1034E449-4B4F-4B9C-A3A6-80A80BF60B32,1,SS1-0009,Simulated Sensor 9,47.71,-122.17,2016-11-07 14:22:10.025497,627,0.22,NULL
4791,12709133-E6D1-4511-9D03-54598A766B64,1,SS1-0002,Simulated Sensor 2,47.65,-122.30,2016-11-07 14:22:09.571207,627,1.59,NULL
4792,325FDE3F-5F15-4AB8-925F-502F2BF59AAC,1,SS1-0004,Simulated Sensor 4,47.71,-122.33,2016-11-07 14:22:09.666453,627,2.02,NULL
4793,F3CB5299-23CB-475A-B5C6-4A87EC051871,1,SS1-0006,Simulated Sensor 6,47.60,-122.30,2016-11-07 14:22:09.850290,627,0.80,NULL
4794,D18DD94E-C34E-45F5-8688-D4C8C6FB384C,1,SS1-0008,Simulated Sensor 8,47.61,-122.18,2016-11-07 14:22:09.966397,627,2.66,NULL
